"id","adage","owner","keywords","language","created_at","updated_at"
"1","Farkına var, dengeyi bul, değer üret.","Mahir Yıldızhan","Yaşam, Farkındalık","1","2022-05-02 20:33:03","2022-05-02 20:33:03"
"2","Kimse senin gözyaşlarını hak etmiyor hak eden seni ağlatmaz zaten.","Gabriel Garcí­a Márquez","Farkındalık","1","2022-05-02 20:33:03","2022-05-02 20:33:03"
"3","İnanç, görünmeyene inanmaktır. Görünmeyene inanırsanız, başkalarının görmediklerini görürsünüz.","Anonim","Yaşam, İnanç","1","2022-05-02 20:33:03","2022-05-02 20:33:03"
"5","Yıldızlara dokunamazsınız, ama karanlık gecelerde onlar size yol gösterir.","Anonim","Yaşam, Amaç, Hedef","1","2022-05-02 20:33:03","2022-05-02 20:33:03"
"6","Hayat bir panayırdır; biraz hüzünlü, biraz neşeli, biraz tehlikeli,biraz cömert, biraz tesadüfi, biraz kırık.","Jacques A. Bertrand","Yaşam","1","2022-05-02 20:33:03","2022-05-02 20:33:03"
"8","Gülmek hayatın en güzel eylemidir. Ve her ne varsa sizi bundan alıkoyan, onları yok edin.","Charlie Chaplin","Yaşam, Mutluluk","1","2022-05-02 20:33:03","2022-05-02 20:33:03"
"9","İki nimet vardır ki insanların çoğu onlar(ı değerlendirme) hususunda aldanmıştır: Sağlık ve boş vakit.","Hz. Muhammed (s.a.v.) (Buhârî, Rikâk, 1)","zaman, sağlık, farkındalık,","1","2022-05-02 20:33:03","2022-05-02 20:33:03"
"10","Son uyku mu? Hayır, ölüm son uyanıştır.","Walter Scott","yaşam, ölüm, uyku, uyanış","1","2022-05-02 20:33:03","2022-05-02 20:33:03"
"12","Öyle kolay bir saat değildir uyumak; onun uğruna, bütün gün uyanık durmak gerekir.","Friedrich Nietzsche","uyku, verimlilik, gün, uyanmak","1","2022-05-02 20:33:03","2022-05-02 20:33:03"
"13","Uyku sorunu zeki insanların lanetidir.","Albert Einstein","uyku, zeka","1","2022-05-02 20:33:03","2022-05-02 20:33:03"
"14","Uyanık bir tek adam, uyuyan yüz bin kişiden daha kuvvetlidir.","Sâdi Carnot","uyku, uyanıklık, aydınlanma, kuvvet","1","2022-05-02 20:33:03","2022-05-02 20:33:03"
"16","En güzel uyku bile, uyanılan anın değerine ulaşamaz.","Andre Gide","uyku, uyanmak, değer","1","2022-05-02 20:33:03","2022-05-02 20:33:03"
"20","Öldüğüm zaman mezar taşında ""Ücretsiz Wifi"" yazmasını istiyorum; böylece insanlar ziyaretime daha sık gelebilir.","Anonim","Bilinç, Düşünce, Farkındalık, Gelecek, Varoluş, Yaşam, İletişim, İnanç","1","2022-05-02 20:33:03","2022-05-02 20:33:03"
"25","Bir fikri kabul etmeden onunla oyalanmak eğitimli bir zihnin işaretidir.","Aristoteles","Bilgelik, Bilinç, Farkındalık","1","2022-05-02 20:33:03","2022-05-02 20:33:03"
"27","Sebep, oluşun nedenidir.","Kanada","Neden, Varoluş","1","2022-05-02 20:33:03","2022-05-02 20:33:03"
"28","Mutlak bir dinlenme haline çekilemiyorsam, hareketin doğasına zincirlenmiş durumdayım.","Kanada","Farkındalık, Hareket, Yaşam","1","2022-05-02 20:33:03","2022-05-02 20:33:03"
"29","Dostun üzüntüsüne acı duyabilirsin. Bu kolaydır; ama dostun başarısına sempati duyabilmek, sağlam bir karakter gerektirir.","Oscar Wilde","Dürüstlük, Fedakarlık, Mutluluk","1","2022-05-02 20:33:03","2022-05-02 20:33:03"
"31","Kusur arıyorsan tüm aynalar senin.","Mevlânâ Celâleddîn-i Rûmî","Farkındalık, Mutluluk","1","2022-05-02 20:33:03","2023-03-15 18:00:26"
"32","Herkes aynı şeyi düşünüyorsa, hiç kimse bir şey düşünmüyor demektir.","Walter Lippmann","Farkındalık, Gelişim, Yaşam","1","2022-05-02 20:33:03","2022-05-02 20:33:03"
"33","Tanıştığın herkes senin bilmediğin bir şey biliyor.","Bill Nye","Bilgelik, Farkındalık, Merak","1","2022-05-02 20:33:03","2022-05-02 20:33:03"
"34","İki kulağımız ve sadece bir ağzımız vardır, o yüzden bir konuşup iki dinlemeliyiz.","Epiktetos","Bilgelik, Farkındalık, İletişim","1","2022-05-02 20:33:03","2022-05-02 20:33:03"
"35","Gerçeği söylersen, aklında bir şey tutmana gerek kalmaz.","Mark Twain","Dürüstlük, Mutluluk","1","2022-05-02 20:33:03","2022-05-02 20:33:03"
"36","Haklı olmayı mı tercih edersin, mutlu olmayı mı?","Marshall B. Rosenberg","Bilgelik, Mutluluk, İletişim","1","2022-05-02 20:33:03","2022-05-02 20:33:03"
"37","Düşünce her zaman söylenmez, söylenenler her zaman duyulmaz. Duyulan, her zaman anlaşılmaz, anlaşılan her zaman kabul edilmez. Kabul edilen her zaman yapılmaz, yapılan her zaman tekrar edilmez.","Konrad Lorenz","İletişim","1","2022-05-02 20:33:03","2022-05-02 20:33:03"
"38","Korkunun doğuracağı ilk şey, yalandır.","Fyodor Dostoyevski","Cesaret, Korku, Yaşam","1","2022-05-02 20:33:03","2022-05-02 20:33:03"
"39","Çene çalmak her zaman savaşmaktan daha iyidir.","Winston Churchill","Barış, İletişim","1","2022-05-02 20:33:03","2022-05-02 20:33:03"
"40","Sorunlu insanları düzeltmek yerine, güçlü çocuklar yetiştirmek daha kolaydır.","Frederick Douglass","Amaç, Gelecek, Yaşam","1","2022-05-02 20:33:04","2022-05-02 20:33:04"
"41","Yaşamdaki hiçbir şey, siz onu düşünürken düşündüğünüz kadar önemli değildir.","Daniel Kahneman","Bilgelik, Düşünce, Gelecek, Mutluluk, Yaşam","1","2022-05-02 20:33:04","2022-05-02 20:33:04"
"42","Biz aygıtları şekillendirirken, onlar da bizi şekillendirir.","Marshall McLuhan","Farkındalık, Gelecek, Gelişim, Yaşam","1","2022-05-02 20:33:04","2022-05-02 20:33:04"
"43","Kadınlar, aşık olana dek en iyi psikiyatristtirler. Aşık olduktan sonra da en iyi hasta olurlar.","Spellbound (Alfred Hitchcock 1945)","Bilgelik, Erkek, Gelecek, Kadın, Yaşam","1","2022-05-02 20:33:04","2022-05-02 20:33:04"
"44","Açılış cümleleri umurumda bile değil. İlgimi çeken tek şey kapanış cümlesi. Okuyucu yatağına bu cümleyle gider.","Elfriede Jelinek","Bağlılık, Bağımlılık, Heyecan","1","2022-05-02 20:33:04","2022-05-02 20:33:04"
"45","Tarihin beğenerek andığı insanlar daima dönüm noktalarında bulunanlardır.","Orhan Veli Bütün Şiirleri syf. 29",,"1","2022-05-02 20:33:04","2022-05-02 20:33:04"
"46","İki tavşanı kovalayan kişi, hiç birini yakalayamaz.","Rus Atasözü","Bilgelik, Farkındalık, Gelecek, Odak","1","2022-05-02 20:33:04","2022-05-02 20:33:04"
"47","İnsanlar sizinle konuştuklarını unuturlar, ama sizin varlığınızın nasıl hissettirdiğini unutmazlar. ","İletişim Kitabı, sayfa 65","Farkındalık, İletişim","1","2022-05-02 20:33:04","2022-05-02 20:33:04"
"48","Nereye gideceğini bilmiyorsan, hangi yoldan gittiğinin hiç bir önemi yok.","Lewis Carroll / Alice Harikalar Diyarında","Amaç, Bilgelik, Hedef, Yaşam","1","2022-05-02 20:33:04","2022-05-02 20:33:04"
"49","İyi bir savaş veya kötü bir barış hiç olmamıştır.","Benjamin Franklin","savaş, barış, iyi, kötü","1","2022-07-19 16:03:52","2022-07-19 16:03:52"
"50","İnsanlar hayvanları öldürüp yedikçe, dünya üzerinden cinayet, kan dökme ve savaşlar kalkmayacaktır.","Pisagor","savaş, cinayet, vegan, hayvan hakları","1","2022-08-22 07:17:52","2022-08-22 07:17:52"
"51","Dünyanın nasıl olduğu değildir gizemli olan; olduğudur.","A. C. Grayling","varoluş, dünya, gizem","1","2022-08-22 07:34:41","2022-08-22 07:34:41"
"52","Acı olan mutlu olmamak değil, mutlu olabilecekken olamamaktır.","A. J. Cronin","acı, mutluluk, imkan","1","2022-08-22 07:35:31","2022-08-22 07:35:31"
"53","Kalbinde gerçek inanç ve cesareti olan her zaman kazanır.","Aamir Khan","cesaret, inan, kazanç","1","2022-08-22 07:37:38","2022-08-22 07:37:38"
"54","Trajedi ile komedinin farkı: Trajedi, bizim başımıza gelen, komedi başkalarının başına gelen korkunç şeydir.","Aaron Allston","mutluluk, trajedi, komedi, korku","1","2022-08-22 07:38:52","2022-08-22 07:38:52"
"55","Sevgi insan yüreğindeki en iyi ve en soylu şeydir.","Vincent van Gogh","sevgi, insan, yürek, iyilik","1","2022-09-04 17:54:53","2022-09-04 17:54:53"
"56","Fikrimi çalmaları mühim değil. Asıl mühim olan kendi fikirlerinin olmaması.","Nikola Tesla","fikir, özgünlük, yaratıcılık","1","2022-09-06 09:30:20","2022-09-06 09:30:20"
"57","Senin gönlün değişirse dünya değişir.","Şems-i Tebrizi","değişim, yol, bakış açısı","1","2022-09-12 09:16:48","2022-09-12 09:16:48"
"58","Eylemsiz farkındalık, pişmanlıktır.","Dorothy E. Siminovitch","farkındalık, eylem, pişmanlık","1","2022-09-25 12:11:56","2022-09-25 12:11:56"
"59","Bir kere garip hissettin mi bir daha normal hissetmenin yolu yok. Çünkü farkında olmadığın normal hissetmenin bekareti bozulmuştur.","Mahir Yıldızhan","farkındalık, normal, garip, hissetmek","1","2022-09-26 09:34:56","2022-09-26 09:34:56"
"60","Kitaplar, zamanda ve mekanda yolculuk yapmanın bilinen tek yoludur.","Mahir Yıldızhan","kitap, okumak, zaman, hayal gücü","1","2022-09-26 12:26:20","2022-09-26 12:26:20"
"61","Anlayışlı olmak, mutluluğun ana parçasıdır.","Sophokles, Antigone","mutluluk, anlayış, yaşam","1","2022-09-27 06:31:48","2022-09-27 06:31:48"
"62","Aklı başında kişi hoş olanın değil, acı vermeyenin peşindedir.","Aristoteles","mutluluk, acı, yaşam","1","2022-09-27 06:39:46","2022-09-27 06:39:46"
"63","Başkasının mutlu olması seni rahatsız ediyorsa asla mutlu olamazsın.","Seneca","kıskançlık, mutluluk","1","2022-09-27 06:45:15","2022-09-27 06:45:15"
"64","Önünde ne çok kimsenin olduğunu görürsen ne çok kimsenin de arkanda olduğunu düşün.","Seneca","kıskançlık, mutluluk, ahlak","1","2022-09-27 06:46:58","2022-09-27 06:46:58"
"65","Bölüşürsek tok oluruz, bölünürsek yok oluruz.","Yunus Emre","paylaşmak, iyilik, kuvvet","1","2022-11-05 21:18:55","2022-11-05 21:18:55"
"66","Kıyıyı gözden kaybetmeye cesaret edemeyince, insan okyanusu keşfedemez.","Seneca","özgürlük, sınırlar, farkındalık, cesaret","1","2022-11-14 12:37:39","2022-11-14 12:37:39"
"67","Özlemek erken saatlere alınsın. Sonra uykusuz kalıyor insan.","Cemal Süreya","özlem, uyku, uykusuzluk, gece","1","2022-12-01 19:18:52","2022-12-01 19:18:52"
"68","Erdemsiz bir mutluluk olamaz.","Seneca","Erdem, mutluluk,","1","2022-12-06 18:20:13","2022-12-06 18:20:13"
"69","Bizleri mutlu eden insanlara şükran duyalım çünkü onlar ruhumuzda çiçekler açtıran büyüleyici bahçıvanlardır.","Marcel Proust","mutluluk, dostluk, arkadaşlık, şükran","1","2022-12-06 18:37:31","2022-12-06 18:37:31"
"70","Siz öyle düşünmediğiniz sürece hiçbir şey acınası değildir ve siz ondan memnun olmadığınız sürece hiçbir şey mutluluk getiremez.","Boethius, Felsefenin Tesellisi","mutluluk, algı, düşünce, acınası, memnuniyet","1","2022-12-06 19:01:40","2022-12-06 19:01:40"
"71","Mutluluk; düşündüğün, söylediğin ve yaptığının uyum içinde olmasıdır.","Mahatma Gandhi","mutluluk, uyum, söz, eylem","1","2022-12-06 19:13:56","2022-12-06 19:13:56"
"72","Çocuklar dudaklarınızı değil, ayaklarınızı izlerler.","İskoç Atasözü","taklit, yeni jenerasyon, çocuk, rol model","1","2022-12-12 05:37:11","2022-12-12 05:37:11"
"73","İnsanın değeri, aradığı şeydir.","Mevlânâ Celâleddîn-i Rûmî","amaç, erdem, değer, arayış","1","2022-12-13 17:34:14","2023-03-15 18:00:36"
"74","Doğrudan nasihat, kişiyi yaralar.","Mevlânâ Celâleddîn-i Rûmî","nasihat, yara, söz, eylem","1","2022-12-13 17:36:00","2023-03-15 18:01:19"
"75","İlaçlar, mutluluğun çözemediği hiçbir şeyi çözemez.","Gabriel Garcia Marquez","ilaç, mutluluk, tedavi, hastalık","1","2022-12-20 15:30:03","2022-12-20 15:30:03"
"76","Mutluluğu ararken ona ilk rastladığımız rotada ısrarcı olmamızdan daha doğal ne vardır?","Sigmund Freud","mutluluk, arayış, rota","1","2022-12-20 15:33:18","2022-12-20 15:33:18"
"77","Mutluluk, zorluklara karşı kazanılan zaferin dışavurumu dur.","Alfred Adler","mutluluk, dışavurum, zorluk, zafer","1","2022-12-23 20:48:38","2022-12-23 20:48:38"
"78","Mutluluk son derece sıradan şeylerdedir. Bir masada, sandalyede, sayfaları arasına kağıt bıçağı sıkıştırılmış bir kitapta... Gülün düşen taç yaprağında, biz sessizce otururken titreşen ışıkta yahut belki de aklımıza düşen önemsiz şeylerde ve aniden onlardan bahsetmemizde...","Virginia Woolf (Dalgalar)","mutluluk, basit, sıradan, kitap, gül","1","2022-12-23 20:55:28","2022-12-23 20:55:28"
"79","Yaşamak için bir nedeni olan kişi, her türlü nasıla dayanabilir.","Friedrich Wilhelm Nietzsche","amaç, mutluluk, hayat amacı, neden, kişi, nasıl","1","2022-12-24 10:46:53","2022-12-24 10:46:53"
"80","Yesterday I was clever, so I wanted to change the world. Today I am wise, so I am changing myself.","Mevlânâ Celâleddîn-i Rûmî","wise, clever,","2","2022-12-27 17:20:50","2023-03-15 18:00:50"
"81","Dün akıllıydım, dünyayı değiştirmek istedim. Bugün bilgeyim, kendimi değiştiriyorum.","Mevlânâ Celâleddîn-i Rûmî","bilgelik, değişim, arzu, geçmiş, bugün, kendi","1","2022-12-27 17:21:55","2023-03-15 18:00:14"
"82","Teklikte, kendine çokluk ol. Yanında kimse olmadığında, benliğine kalabalık ol.","Albius Tibullus","yanlızlık, kalabalık, teklik, arkadaş","1","2023-01-03 14:58:33","2023-01-03 14:58:33"
"83","Önyargıyı yıkmak, atomu parçalamaktan daha zor.","Albert Einstein","önyargı, zorluk, mücadele","1","2023-01-04 14:32:55","2023-01-04 14:33:33"
"84","İnsanın öğrenmesi gereken ilk dil tatlı dildir.","Barış Manço","iyilik, dil, insan","1","2023-01-04 14:34:47","2023-01-04 14:34:47"
"85","Kral da, dilenci de aynı iştahla acıkırlar.","Montaigne","açlık, iştah, eşitlik, zenginlik, fakirlik","1","2023-01-04 14:39:35","2023-01-04 14:39:35"
"86","Gerçeği bilenler ile onu sevenler hiçbir zaman eşit değildirler.","Konfüçyus","gerçek, bilgelik, eşitlik, sevgi","1","2023-01-04 14:41:37","2023-01-04 14:41:37"
"87","İnsan için önüne çıkan bütün yollar ""yürünebilir"" yollar ise, o insan artık kaybolmuştur.","İsmet Özel","yol, yolculuk, yürümek, kaybolmak","1","2023-01-07 15:37:09","2023-01-07 15:37:09"
"88","Çağrıldığın yere git, ar eyleme; çağrılmadığın yere gidip yerini dar eyleme.","Türk atasözü","çağrı, ar, utanma, gitmek, eylemek, yol","1","2023-01-07 15:38:56","2023-01-07 15:38:56"
"89","Bir kitap yazmamak inanılmaz zaman alıyor.","Douglas Adams","kitap, yazmak, zaman","1","2023-01-07 15:44:58","2023-01-07 15:44:58"
"90","Bir insan dünyadan vazgeçip, kasıtlı olarak yalnızlık içinde yaşarsa, diğerleriyle olan ilişkisini, nadir olarak yararlandığı özel bir zevk olarak görmeye başlayabilir.","Friedrich Wilhelm Nietzsche","yalnızlık, insan, toplum, zevk","1","2023-01-07 21:12:03","2023-01-07 21:12:03"
"91","İnsan sevilmekten çok anlaşılmayı istiyordu belki de.","George Orwell","sevgi, insan, anlaşılmak, istek","1","2023-01-09 10:58:48","2023-01-09 10:58:48"
"92","Gençliğe, yaşlılıktan çok hürmet etmeliyiz.","Victor Hugo","gençlik, yaşlılık","1","2023-01-10 07:43:05","2023-01-10 07:43:05"
"93","Sabır, demir kalkandır.","Mevlânâ Celâleddîn-i Rûmî","sabır, kuvvet, güç, dayanıklılık","1","2023-01-10 07:45:26","2023-03-15 18:03:29"
"94","Bir mum, başka bir muma ışık vermekle ışığından bir şey kaybetmez.","Mevlânâ Celâleddîn-i Rûmî","Işık, mum, paylaşmak, bilgi, bilge","1","2023-01-24 16:45:54","2023-03-15 18:01:06"
"95","Bilirken susmak, bilmezken konuşmak kadar çirkindir.","Platon","bilmek, susmak, suç, suçlu","1","2023-01-24 17:14:26","2023-01-24 17:14:26"
"96","Dilimin sınırları, dünyamın sınırlarıdır.","Ludwig Wittgenstein","sınır, vizyon, konuşmak, olumlama","1","2023-02-18 11:34:34","2023-02-18 11:34:34"
"97","Ayıpsız dost arayan, dostsuz kalır.","Mevlânâ Celâleddîn-i Rûmî","dost, ayıp, kusur, aramak","1","2023-02-18 11:49:26","2023-02-18 11:49:26"
"98","Sevmeyene karınca yük, sevene filler karınca. Dağı bile taşır insan aşık olup inanınca.","Şems-i Tebrizi","inanç, yük, emek, karınca, fil","1","2023-03-14 17:32:36","2023-03-14 17:32:36"
"99","Kitapları yakmaktan daha kötü suçlar vardır. Bunlardan biri okumamaktır.","Ray Bradbury","kitap, okumak","1","2023-03-20 10:12:37","2023-03-20 10:12:37"
"100","Öfke her zaman hüsranla sonuçlanan beklentilerden gelir.","Elliott Larson","öfke, beklenti","1","2023-03-20 10:25:44","2023-03-20 10:25:44"
"101","Biz mağlup olduk efendim. Çirkinliğe, kabalığa, bayağılığa mağlup olduk.","Aziz Nesin","çirkinlik, kabalık, bayağılık, değişim","1","2023-03-24 04:05:27","2023-03-24 04:05:27"
"102","Vatanını en çok seven, görevini en iyi yapandır.","Mustafa Kemal Atatürk","çalışkanlık, vatan, sevgi, görev","1","2023-05-11 10:58:30","2023-05-11 10:58:30"
"103","Tüm hayatınızı fırtınayı beklemekle geçirirseniz, hiçbir zaman günışığının tadını çıkaramazsınız.","Morris West","tutum, fırtına, yaşam,","1","2023-05-12 12:46:37","2023-05-12 12:46:37"
"105","Sözcüklere gerek kalmadan beni anlayacaklarını sandım.","Vincent van Gogh","anlam, anlaşılmak, yaşam","1","2023-05-13 20:52:16","2023-05-13 20:52:16"
"106","Mükemmel iyinin düşmanıdır.","Voltaire","mükemmellik, iyi, düşman, voltaire, gayret","1","2023-05-17 06:19:20","2023-05-17 06:19:20"
"107","Uçurtmalar rüzgâr gücüyle değil, o güce karşı koydukları için yükselir.","Winston Churchill","direnç, dayanmak, uçmak, güçlük, zorluk","1","2023-05-31 13:26:12","2023-05-31 13:26:12"
"108","Eğer o günü her zaman yarın yapmazsan, bir gün içerisinde birçok güzel şey yapılabilir.","Anonim","zaman, gün, yarın, gelecek, deeğerlendirmek","1","2023-05-31 13:26:12","2023-05-31 13:26:12"
"109","Sevgi, ""hatalısın"" yerine ""farklı hissediyorum"" demektir.","Anonim","sevgi, şefkat, hata, farklı","1","2023-05-31 13:29:16","2023-05-31 13:29:16"
"110","Kendi içgüdülerinize güvenin. Hiç değilse hatalarınızın nedeni siz olursunuz, başkaları değil.","Billy Wilder","hata, güven, içgüdü, suçlama, olumlu, olumsuz","1","2023-05-31 13:29:16","2023-05-31 13:29:16"
"111","Kişi kendi gölgesi üzerinde durur ve neden karanlık olduğunu merak eder.","Zen Atasözü","güven, gölge, karanlık, bilinç, zorluk, farkındalık","1","2023-05-31 13:35:33","2023-05-31 13:35:33"
"112","Sen seçimlerinsin.","Seneca","seçim, karakter, kişilik, kendini bulmak","1","2023-05-31 13:35:33","2023-05-31 13:35:33"
"113","Düşünceniz hareketinizi belirler ve hareketiniz sonuçlarınızı belirler, ama öncelikle inanmalısınız.","Mark Victor Hansen","kararlılık, düşünce, inanmak, öncelik, seçmek","1","2023-05-31 13:39:37","2023-05-31 13:39:37"
"114","Hatalar keşfin giriş kapılarıdır.","James Joyce","kararlılık, keşif, hata, zorluk","1","2023-05-31 13:39:37","2023-05-31 13:39:37"
"115","Paraya sahip olmanın tek güzel yanı onu harcamaktır.","Benjamin Franklin","para, korku, güç","1","2023-05-31 13:41:39","2023-05-31 13:41:39"
"116","Bilgelik bundan sonra ne yapılacağını, beceri nasıl yapılacağını bilmektir, erdem ise yapmaktır.","David Starr Jordan","bilgelik, beceri, erdem, yapmak, ne, nasıl","1","2023-05-31 13:41:39","2023-05-31 13:41:39"
"117","Anlamlı olmadıkça özrün, özür olmadığını hatırlamalıyız.","Anonim","özür, anlam, gerçek","1","2023-05-31 14:02:39","2023-05-31 14:02:39"
"118","Az için şükret, çoğu bulacaksın.","Hausa Atasözü","şükür, zenginlik, az","1","2023-05-31 14:02:39","2023-05-31 14:02:39"
"119","Eksik hiçbir şey olmadığını anladığınızda, tüm dünya size aittir.","Lao Tzu","dünya, eksiklik, aidiyet, anlam, arayış","1","2023-05-31 14:04:54","2023-05-31 14:04:54"
"120","Büyük eylemler küçük hareketlerden oluşur.","Lao Tzu","eylem, hareket, güç, değişim, oluşur","1","2023-05-31 14:04:54","2023-05-31 14:04:54"
"121","Mutluluk ve özgürlük, bir tek ilkenin açık seçik anlaşılmasıyla başlar; Bazı şeyleri kontrol edebiliriz, başı şeyleri edemeyiz.","Epiktetos","epiktetos, özgürlük, stoa, kontrol, anlamak, mutluluk","1","2023-06-06 11:28:58","2023-06-06 11:28:58"
"122","Hayalimizde, gerçekte olduğundan daha fazla acı çekeriz.","Seneca","acı, gerçek, hayal, stoa, algılama","1","2023-06-06 11:33:29","2023-06-06 11:33:29"
"123","Var mısın ki yok olmaktan korkuyorsun?","Farabi","var olmak, yok oluş, korku","1","2023-06-18 20:38:59","2023-06-18 20:38:59"
"124","Sen hüzünlüsün diye dünya durup sana yol vermeyecek.","Doğan Cüceloğlu","hüzün, hayat, zorluk, farkındalık","1","2023-06-18 20:41:46","2023-06-18 20:41:46"
"125","Fark etmek acıydı ama gerekliydi.","Christy Brown","farkındalık, acı, hayat","1","2023-06-18 20:43:44","2023-06-18 20:43:44"
"126","Başkalarını çok fazla düşünen bir kimse, kendisini unutur.","Stefan Zweig","bencillik, düşünme, unutmak, özsevgi","1","2023-06-18 20:45:45","2023-06-18 20:45:45"
"127","Uçurtmayı yükselten rüzgar değildir. Rüzgara karşı verdiği mücadeledir.","Aamir Khan","Zorluk, mücadele, başarı, rüzgar, yükselmek","1","2023-06-18 20:50:31","2023-06-18 20:50:31"
"128","Keşke düşüncelerim de kapansa gözlerim kapanınca.","William Shakespeare","uyku, düşünme, endişe, kaygı, aşırı düşünme","1","2023-06-18 20:53:18","2023-06-18 20:53:18"
"129","İnsanlar, onlar için ne yaptığınızı anlamazlar; ta ki, siz yapmayı bırakana kadar.","La Edri","iyilik, nankörlük, yaşam, farkındalık","1","2023-06-18 20:56:14","2023-06-18 20:56:14"
"130","Biz ikna olmuş fizikçiler için geçmiş, günümüz ve gelecek arasındaki fark yalnızca ısrarlı bir yanılsamadan ibarettir.","Albert Einstein","zaman, yanılgı, fizik, algı","1","2023-07-09 09:53:30","2023-07-09 09:53:30"
"131","Tebdil-i mekanda ferahlık vardır.","Atasözü","değişim, mekan, ferahlık, esinti, yürüyüş, hareket","1","2023-07-19 17:42:38","2023-07-19 17:42:38"
"133","Düşünce kurgularında temel bir değişim olmadıkça insanlığın genel durumunda büyük bir gelişim mümkün değildir.","J. S. Mill","düşünce, değişim, yenilik, iyileşme, gelişme, düşünme","1","2023-07-20 14:06:54","2023-07-20 14:06:54"
"134","En iyi anlar genelde, bir kişinin bedeni ve zihni zor ve değerli bir şeyi başarmak için gönüllü bir çabayla sınırlarına kadar zorlandığında olur.","Mihaly Csikszentmihalyi","zorluk, değer, gönüllülük, başarı, an, anı, çaba","1","2023-07-20 14:33:16","2023-07-20 14:33:16"
"135","Kendini kaybeden bir insan, bütün bir dünyayı ka­zansa bile ne olur? Ben önce kendimi fethetmeyi deniyorum, dünyayı kaybetsem de umurumda değil.","Mihaly Csikszentmihalyi","kendini, bil, kazanmak, başarı, keşif, özfarkındalık, yönetim, zaman, bilgi","1","2023-07-20 14:35:00","2023-07-20 14:35:00"
"136","En güçlü olan, kendi gücüne sahip olandır.","Seneca","seçim, özdisiplin, güç, aidiyet, özfarkındalık","1","2023-07-21 12:29:54","2023-07-21 12:29:54"
"137","Her seçiş bir vazgeçiştir.","Jean Paul Sartre","seçim, vazgeçmek, karar, kararsızlık, yaşam","1","2023-07-26 14:23:18","2023-07-26 14:23:18"
"138","Çünkü insan bastırdığı duygunun esiri olur.","Cahit Zarifoğlu","stres, baskı, kaygı, anksiyete, düşünce","1","2023-08-05 09:24:00","2023-08-05 09:24:00"
"139","Nesneler bizim onlara yüklediğimiz anlamlardan ibarettir. İnsanlar da öyle.","John Berger","insan, düşünce, anlam, farkındalık, nesne","1","2023-08-05 09:25:34","2023-08-05 09:25:34"
"140","10.000 tekmeyi 1 kez çalışandansa 1 tekmeyi 10.000 kez çalışandan korkarım.","Bruce Lee","azim, çalışma, yaşam","1","2023-09-14 14:34:05","2023-09-14 14:34:05"
"141","Bu yol yalnızca senin, Başkaları seninle yürüyebilir, Fakat hiç kimse senin için yürümez.","Mevlânâ Celâleddîn-i Rûmî","yol, kader, farkındalık, kader","1","2023-08-14 12:18:21","2023-08-14 12:18:21"
"142","Bildiğim bir tek özgürlük vardır o da aklın özgürlüğüdür.","Antoine de Saint-Exupery","özgürlük, düşünce, felsefe, öfke","1","2023-09-14 14:34:05","2023-09-14 14:34:05"
"143","İnsanı güçlü kılan, bazı insanların düşündüğü gibi elinde tutmak değil, bazen de bırakmaktır.","Anonim","öfke, bırakmak, güç","1","2023-09-14 14:34:05","2023-09-14 14:34:05"
"144","Geçmiş ne kadar zor olursa olsun, her zaman tekrar başlayabilirsin.","Buddha","stres, geçmiş, başlamak, yeniden, zorluk","1","2023-09-14 14:34:05","2023-09-14 14:34:05"
"145","Acı çekmemize sebep, başımıza gelen değildir; başımıza gelenle ilgili kendimize ne söylediğimizdir.","Pema Chodron","acı, bakış açısı, sebep, düşünmek, özsevgi","1","2023-09-14 14:34:05","2023-09-14 14:34:05"
"146","Mutluluk yoğunluk değil, denge, düzen, ritim ve uyum halidir.","Thomas Merton","tutum, mutluluk, denge, ritim, düzen","1","2023-09-14 14:34:05","2023-09-14 14:34:05"
"147","Geçmişi bırakmak demek şu andaki rüyanızdan haz alabilirsiniz demektir.","Don Miguel Ruiz","geçmiş, haz, anı yakalamak, rüya","1","2023-09-14 14:34:05","2023-09-14 14:34:05"
"148","Güzel olan şey asla mükemmel değildir.","Atasözü","güzel, mükemmel","1","2023-09-14 14:34:05","2023-09-14 14:34:05"
"149","Büyüme, güçsüzlüklerimizi kabul etmeye başladığımızda başlar.","Jean Vanier","gelişim, büyüme, güçsüzlük, zayıflık, başlamak","1","2023-09-14 14:34:05","2023-09-14 14:34:05"
"150","Bir engel, basamak taşı da olabilir köstek de.","Anonim","engel, zorluk, gelişim, fırsat,","1","2023-09-14 14:34:05","2023-09-14 14:34:05"
"151","Başkaları ile ilgili canımızı sıkan her şey kendimizi daha iyi anlamamıza yardımcı olabilir.","Carl Jung","kendini tanımak, bilmek, başkası, rahatsız etmek, sıkıcı","1","2023-09-14 14:34:05","2023-09-14 14:34:05"
"152","Kendinizi biraz rahat bırakırsanız biraz huzurunuz olacaktır, daha çok rahat bırakırsanız daha çok huzurunuz olacaktır.","Ajahn Chah","huzur, özsevgi, rahatlık","1","2023-09-14 14:34:05","2023-09-14 14:34:05"
"153","Bu dünyadaki en önemli şey sevgiyi yaymayı öğrenmek ve gelmesine izin vermektir.","Morrie Schwartz","sevgi, öğrenmek, yaymak, izin vermek","1","2023-09-14 14:34:05","2023-09-14 14:34:05"
"154","Yarı doğrudan çekinin. Yanlış yarısına sahip olmuş olabilirsiniz.","Anonim","doğru, çekinmek, öğrenmek","1","2023-09-14 14:34:05","2023-09-14 14:34:05"
"155","Hislerinizi gösterdiğiniz için asla özür dilemeyin. Böyle yaparak, gerçek için özür dilemiş olursunuz.","Benjamin Disraeli","özür dilemek, gerçek, his, yaşam","1","2023-09-14 14:34:05","2023-09-14 14:34:05"
"193","Başarı nihai değildir, başarısızlık ölümcül değildir: önemli olan devam etme cesaretidir.","George F. Tilton","başarı, cesaret, sürdürülebilirlik, başarısızlık, hata","1","2023-11-29 07:47:47","2023-11-29 07:47:47"
"200","Bir keresinde salt düşünmek için gün boyu aç, gece boyu uykusuz kaldım. Hiçbir yararı olmadı. Çalışmak daha iyi.","Konfüçyus","Çalışkanlık, tutum, uyku, açlık, yaşam","1","2023-10-09 15:46:31","2023-10-09 15:46:31"
"210","Başınıza olumsuz bir şey geldiğinde, içinde saklı derin bir ders vardır.","Eckhart Tolle","tutum, kötü, olumsuz, olumlu, ders","1","2023-10-09 08:23:57","2023-10-09 08:24:24"
"220","Az kahkahanın olduğu yerde az başarı vardır.","Andrew Carnegie","gülmek, bakış açısı, sevinç, başarı, tutum","1","2023-10-09 08:22:45","2023-10-09 08:22:45"
"230","Ne olduğuna bakmaktan kaçının ve ne olacağına bakın.","Marsha Petrie Sue","tutum, bakış açısı, geçmiş, gelecek","1","2023-10-09 08:21:05","2023-10-09 08:21:05"
"240","Yaşam geriye bakarak anlaşılabilir; ancak o ileriye doğru bakarak yaşanmalıdır.","Søren Kierkegaard","yaşam, geçmiş, gelecek, ileri","1","2023-11-14 16:02:31","2023-11-14 16:02:31"
"250","Dünyayı iyileştirmeye başlamadan önce kimsenin tek bir an bile beklemeye ihtiyacı olmaması ne kadar mükemmel.","Anne Frank","iyileştirmek, tutum, iyilik, başlamak","1","2023-10-09 08:11:41","2023-10-09 08:11:41"
"260","Doğru her zaman azınlıktadır.","Søren Kierkegaard","doğru, azınlık, bilgelik","1","2023-11-15 07:45:10","2023-11-15 07:45:10"
"270","İçinize ne kadar çok ışık girmesine izin verirseniz, yaşadığınız dünya da o kadar parlak olur.","Shakti Gawain","ışık, umut, tutum, yaklaşım, yaşam","1","2023-10-09 08:10:00","2023-10-09 08:10:00"
"280","Problemlerimizi onları yaratırken kullandığımız aynı düşünce yapısı ile çözemeyiz.","Albert Einstein","problem, çözüm, tutum, düşünce","1","2023-10-09 08:02:31","2023-10-09 08:02:31"
"290","Her kötülüğün başı can sıkıntısıdır.","Søren Kierkegaard","kötülük, sıkıntı, yaşam","1","2023-11-15 07:45:48","2023-11-15 07:45:48"
"300","En kötü düşmanınız bile, kendi ihtiyatsız düşünceleriniz kadar size zarar veremez.","Buddha","düşünce, pozitif, negatif, özşeftak, kötü, düşman, tutum, zarar","1","2023-10-09 08:00:20","2023-10-09 08:00:20"
"310","Kaybettiğinizde, aldığınız dersi de kaybetmeyin.","Anonim","kaybetmek, tecrübe, tutum, ders","1","2023-10-09 07:58:28","2023-10-09 07:58:28"
"320","Sizi incinebilir kılan her şey sizi güzelleştirir.","Brené Brown","nezaket, incinmek, güzellik, özen","1","2023-10-09 07:56:34","2023-10-09 07:56:34"
"340","Nezaket, ruhun şıklığı ve içtenliğidir. Bencillik, cömert nezaketin pırıltısının önünde ancak bir gölgedir.","D. S. Guzman","nezaket, gölge, ışık","1","2023-10-08 16:35:09","2023-10-08 16:35:09"
"350","Akıl azaldığı oranda kaygı da azalır.","Søren Kierkegaard","akıl, kaygı, yaşam, bilgelik, acı","1","2023-11-15 07:46:33","2023-11-15 07:46:33"
"360","Bir gülümsemenin ardından, gün her zaman daha parlak görünür.","Anonim","gülümseme, gülüş, tutum, bakış açısı, güzellik, yaşam, keyif","1","2023-09-14 15:57:48","2023-09-14 15:57:48"
"370","Sağlığı olanın umudu, umudu olanın herşeyi vardır.","Atasözü","sağlık, umut, tutum, bakış açısı","1","2023-09-14 15:58:50","2023-09-14 15:58:54"
"380","Büyüklük şu ya da bu olmak değil, kendin olmaktır.","Søren Kierkegaard","başarı, birey, yaşam, kendi","1","2023-11-15 07:47:29","2023-11-15 07:47:29"
"390","Bir yanlışı hatırlamak, aklınızda bir yük taşımak gibidir.","Buddha","yanlış, hata, problem, öfke, yük, yaşam, hatırlamak, unutmak","1","2023-09-14 14:34:05","2023-09-14 14:34:05"
"400","Kalabalıkların biriktiği yerde gerçekliği bulamazsınız.","Søren Kierkegaard","bilgelik, kalabalık, gerçek, doğru","1","2023-11-15 07:48:05","2023-11-15 07:48:05"
"410","Başkalarının ne yaptığına veya yapmadığına dikkat etmek yerine, ne yapıp yapmadığınıza dikkat edin.","Dhammapada","öfke, başkaları, eylem, sakinlik, özbeceri","1","2023-09-14 14:34:05","2023-09-14 14:34:05"
"420","Sadece küresel seviyede değil, bireysel olarak da, insanlık için en büyük problem, yanlış anlaşılmadır.","Rinpoche","yanlış, anlaşılma, problem, birey, toplum","1","2023-09-14 14:34:05","2023-09-14 14:34:05"
"430","Bir erkek hiç bir zaman bir kadın kadar acımasız olamaz.","Søren Kierkegaard","acıma, kadın, erkek, yaşam","1","2023-11-15 07:48:46","2023-11-15 07:48:46"
"440","Öfke, kızgınlık veya delirmekle geçireceğiniz her altmış saniye, asla geri getiremeyeceğiniz koca bir dakika mutluluktur.","Anonim","öfke, mutluluk, zaman, kızgınlık, kayıp","1","2023-09-14 14:34:05","2023-09-14 14:34:05"
"450","Şikayet etmek aptallıktır. Ya harekete geç ya da unut.","Stefan Sagmeister","şikayet, kabul, öfke, unutmak, yaşam","1","2023-09-14 14:34:05","2023-09-14 14:34:05"
"460","Bizim çağımızda eksik olan şey düşünce değil, tutkudur.","Søren Kierkegaard","zaman, düşünce, tutku, bilgelik, yaşam","1","2023-11-15 07:49:27","2023-11-15 07:49:27"
"500","Umut, sahip olduğunuz hissin daimi olmadığı hissidir.","Joan Kerr","umut, öfke, farkındalık","1","2023-09-14 14:34:05","2023-09-14 14:34:05"
"510","Öfkeniz için cezalandırılmayacaksınız, öfkeniz tarafından cezalandırılacaksınız.","Buddha","öfke, ceza, taraf","1","2023-09-14 14:34:05","2023-09-14 14:34:05"
"540","Ne olduğun gerçeğiyle yüzleş, çünkü seni değiştirecek olan şey odur.","Søren Kierkegaard","kendi, bilgelik, bilme, değişim, gerçek, yüzleşmek, birey","1","2023-11-15 07:50:47","2023-11-15 07:50:47"
"560","Sevincimize en büyük engel kırgınlıktır.","Pema Chodron","öfke, kırgınlık, yaşam, sevinç","1","2023-09-14 14:34:05","2023-09-14 14:34:05"
"570","Hissetmediğiniz bir şeyi kendinize zorla hissettiremezsiniz, ama hislerinize rağmen doğruyu yapabilirsiniz.","Pearl S. Buck","his, doğru, seçim, yaşam, öfke, üzüntü, stres","1","2023-09-14 14:34:05","2023-09-14 14:34:05"
"580","Bir anlık kızgınlıkta sabırlı olursanız yüz günlük pişmanlıktan kurtulursunuz.","Çin Atasözü","sabır, pişmanlık, kızgınlık, yaşam, öfke","1","2023-09-14 14:34:05","2023-11-27 05:13:29"
"600","Ümitsizliğin en derin biçimi, kendisi olmaktansa başkası olmayı seçmektir.","Søren Kierkegaard","kendi, bilgelik, bilme, değişim, gerçek, birey, ümit, seçim","1","2023-11-15 07:51:54","2023-11-15 07:51:54"
"610","Zayıflar asla affedemez. Affetmek güçlülerin özelliğidir.","Mahatma Gandhi","affetmek, zayıflık, güç, öfke","1","2023-09-14 14:34:05","2023-09-14 14:34:05"
"620","Şu dünyaya bir kez adımınızı attınız mı, ölmek için yeterince yaşlısınız demektir.","Søren Kierkegaard","ölüm, şans, kader, dünya, adım","1","2023-11-15 07:54:02","2023-11-15 07:54:02"
"630","Bilgeler ve onurlu yaşayanlar hep acı çekecektir.","Arthur Schopenhauer","Mutluluk, Bilgelik","1","2022-05-02 20:33:03","2022-05-02 20:33:03"
"640","Herkesten daha ilerisini görebildiysem, devlerin omuzlarında durduğum içindir.","Isaac Newton","Emek, Çaba, Çalışkanlık","1","2022-05-02 20:33:03","2022-05-02 20:33:03"
"650","Sabahtan kaybettiğin bir saatin bütün gün zararını çekersin.","William Wately","zaman, zaman yönetimi, uyku, erken kalkmak, verimlilik","1","2022-05-02 20:33:03","2023-01-09 10:59:37"
"660","İnsandan ümit ve uykuyu alın, onu dünyanın en bahtsız ve en perişan insanı haline getirmiş olursunuz.","Immanuel Kant","uyku, ümit, baht, insan, perişan","1","2022-05-02 20:33:03","2022-05-02 20:33:03"
"670","Geminin içi su almadığı müddetçe, sonsuz büyüklükteki deniz o gemiyi batıramaz. Siz zihninize girmesine izin vermediğiniz müddetçe, olumsuzluklar da sizi yıkamaz.","Anonim","Amaç, Düşünce, Gelecek, Mutluluk, Yaşam, Çalışma","1","2022-05-02 20:33:03","2022-05-02 20:33:03"
"680","Sebebin yokluğu sonucun yokluğudur, ancak sonucun yokluğu sebebin yokluğu anlamına gelmez. Sebepler her zaman potansiyel sonuç doğurur.","Kanada","Bilgelik, Hedef, Çalışma","1","2022-05-02 20:33:03","2022-05-02 20:33:03"
"690","Her azizin bir geçmişi, her günahkârın bir geleceği vardır.","Oscar Wilde","Amaç, Vazgeçmemek, Yaşam","1","2022-05-02 20:33:03","2022-05-02 20:33:03"
"700","Kişinin bir şeyler yapma veya olma kudretini fark etmesi kadar korkunç bir şey yoktur.","Søren Kierkegaard","kudret, güç, olmak, yapmak, gelişim","1","2023-11-15 07:54:43","2023-11-15 07:54:43"
"701","Yapılan şeyler için pişmanlık zamanla geçer; ama pişman olurum diye yapmadıklarımız ömür boyu sürer.","Seneca","pişmanlık, yaşam, zaman, bilgelik","1","2024-02-14 09:57:39","2024-02-14 09:57:39"
"702","Yorgunluk bir zihin yanılsamasıdır, hedefleri ve hayalleri olmadan yaşayanların hayatına yorgunluk hükmeder.","R. Sharma","motivasyon, yorgunluk, hedef, hayal, enerji","1","2024-02-18 14:59:46","2024-02-18 14:59:46"
"703","Korku, gerçeğe yaklaşmanın doğal bir tepkisidir.","Pema Chodron","korku, gerçek, yaşam, tepki","1","2024-02-18 17:28:43","2024-02-18 17:28:43"
"704","Tecrübemiz çoğu zamanlarda göstermektedir ki, insanların en az söz geçirebildikleri şey, kendi dilleridir.","Baruch Spinoza","tecrübe, özdisiplin","1","2024-02-19 12:29:01","2024-02-19 12:29:01"
"705","Düşünüyorum, öyleyse varım.","René Descartes","varlık, varoluş, düşünmek","1","2024-02-19 15:32:27","2024-02-19 15:32:27"
"706","Algılarını, isteklerini ve içgüdülerini sona erdirirsen ruhun özgürdür.","Marcus Aurelius","arzu, istek, algı, özgürlük","1","2024-02-19 15:34:53","2024-02-19 15:34:53"
"707","Ne kadar beyaz kuğu gözlemlemiş olursak olalım, bu, tüm kuğuların beyaz olduğu sonucunu haklı çıkarmaz.","Karl Popper","gözlem, gerçek, bakış açısı, inanç","1","2024-02-19 15:37:15","2024-02-19 15:37:15"
"708","Erdem özgürlük gerektirir.","Voltaire","mükemmellik, iyi, düşman, voltaire, gayret","1","2024-02-19 06:19:20","2024-02-19 06:19:20"
"709","Hayret etmek bir filozofun hissidir ve felsefe hayret etmekle başlar.","Sokrates
","felsefe, hayret, merak","1","2024-02-19 15:39:37","2024-02-19 15:39:37"
"710","Sanat, gerçekleri tanımamıza yardımcı olan bir yalandır.","Pablo Picasso","sanat, gerçek, yalan","1","2024-02-19 15:41:03","2024-02-19 15:41:03"
"711","Dünyamızı sorularımızın cesareti ve yanıtlarımızın derinliği ile anlamlı kılarız.","Carl Sagan","anlam, soru, yanıt, derinlik,","1","2023-05-12 13:46:37","2023-05-31 14:26:12"
"712","Sinema, neyin çerçeve içinde, neyin dışında kalacağı meselesidir.","Martin Scorsese","sinema, çerçeve, kabul","1","2023-05-31 14:41:39","2023-05-31 15:02:39"
"713","İnsanlar konusunda daha az, fikirler konusunda daha çok meraklı olun.","Marie Curie","insan, fikir, gerçek, amaç, mutluluk","1","2024-02-19 15:41:03","2024-02-19 15:41:03"
"714","Güzellik fazlalıktan arınmışlıktır.","Michelangelo","güzellik, sadelik, yalınlık, arınmak","1","2024-02-19 15:41:03","2024-02-19 15:41:03"
"715","Hayatın en ısrarcı ve acil sorusu şu: Başkaları için ne yapıyorsunuz?","Martin Luther King","hayat, amaç, aciliyet, iyilik","1","2024-02-19 15:41:03","2024-02-19 15:41:03"
"716","Aşkın gizemi ölümün gizeminden daha büyüktür.","Oscar Wilde","aşk, ölüm, gizem","1","2024-02-19 15:41:03","2024-02-19 15:41:03"
"717","Sadece özgür akıl sevginin ne olduğunu bilebilir.","Jiddu Krishnamurti","özgür, akıl, sevgi","1","2024-02-19 15:41:03","2024-02-19 15:41:03"
"718","Zamanın önemsizliğini anlamak bilgeliğin kapısıdır.","Bertrand Russell","zaman, akıl, bilgelik, önem","1","2024-02-19 15:41:03","2024-02-19 15:41:03"
"719","İyi bir çalışmanın ödülü daha fazlasını yapabilmek fırsatı vermesidir.","Jonas Salk","çalışma, başarı, ödül, gelişmek","1","2024-02-19 15:41:03","2024-02-19 15:41:03"
"720","Bir amaca bağlanmayan ruh yolunu kaybeder. Çünkü her yerde olmak hiçbir yerde olmamaktır.","Michel de Montaigne (Denemeler, I. kitap, 9. bölüm)","amaç, yaşam, yol, hedef","1","2024-02-19 15:41:03","2024-02-19 15:41:03"
"721","İnsan varoluşunun gizemi yalnızca hayatta kalmakta değil, uğrunda yaşanacak bir şey bulmakta yatar.","Fyodor Dostoyevski","Yaşamak, amaç, ölmek","1","2024-02-27 09:22:23","2024-02-27 09:22:23"
"722","Tanrı cezalandırmak istediği kişiye yüksek bir farkındalık bahşeder.","Yahudi Atasözü","farkındalık, yaşamak, ceza","1","2024-03-27 17:24:23","2024-03-27 17:24:23"
"723","Sağlıklı ve uzun yaşamak için yarısını yiyin, iki kat yürüyün, üç kat gülün ve sınırsız sevin.","Tibet Atasözü","sevgi, sağlık, yaşam, gülmek, yürümek, yemek","1","2024-04-02 08:56:53","2024-04-02 08:56:53"
"724","Karıncayı bile incitmem deme! Bile'den incinir karınca. Söz söylemek irfan ister, anlamak insan.","Fuzuli","söz, kelam, karınca, dikkat, özen, irfan, insan","1","2024-04-04 14:21:38","2024-04-04 14:21:38"
"725","Ölçüyü bir defa aşan için sınır diye bir şey olmaz artık.","Epiktetos","ölçü, yaşam, sınır, bozulmak, aşırılık","1","2024-04-15 18:32:14","2024-04-15 18:32:14"
"726","Köşende oturup insanların sana gelmesini bekleyemezsin. Bazen senin onlara gitmen gerekir.","Winnie the Pooh","yaşam, hareket, beklenti","1","2024-04-24 09:00:29","2024-04-24 09:00:29"
"727","Hayatının bir saatini bile boşa harcamaya cüret edebilen biri, hayatın değerini anlamamıştır.","Charles Darwin","zaman, yönetimi, boş, harcama, değer","1","2024-05-03 11:25:28","2024-05-03 11:25:28"
"728","İnsanın hiçbir şey bilmediğini bilmesi için, çok şey öğrenmesi gerekir.","Sokrates","bilmek, öğrenmek, yaşamak","1","2024-05-12 12:34:00","2024-05-12 12:34:00"
"729","Düşünceye düşünceyle karşı çıkılır, cezayla değil.","İoanna Kuçuradi","düşünce, ceza, savaş, karşıtlık","1","2024-05-30 12:06:59","2024-05-30 12:06:59"
"730","Müziğin sesini duymayanlar, dans edenleri deli sanırlar.","Friedrich Nietzsche","dans, bakış açısı, yaşam","1","2024-08-12 20:28:57","2024-08-12 20:28:57"
"731","İnsanın kanadı gayretidir.","Mevlânâ Celâleddîn-i Rûmî","gayret, amaç, insan, olmak","1","2024-08-13 17:11:05","2024-08-13 17:11:05"
"732","Testide ne varsa, dışına o sızar.","Mevlânâ Celâleddîn-i Rûmî","iç, öz","1","2024-08-13 17:14:44","2024-08-13 17:14:44"
"733","Vaktinden önce mutsuz olma.","Seneca","acı, yaşam, elem","1","2024-08-13 17:21:24","2024-08-13 17:21:24"
"734","Savaşlarınızda seçici olun. Her savaş kazanmaya değmez.","Sun Tzu","savaş, barış, seçim, kazanmak","1","2024-08-26 15:28:54","2024-08-26 15:28:54"
"735","Psikolojik olarak sağlam olmak; hayatın adil olmadığını bilip yine de kazanmaya oynamaktır.","Marcus Aurelius","kazanmak, psikoloji, hayat, adalet, çaba","1","2024-08-26 15:28:54","2024-08-26 15:28:54"
"736","Kendini gerçekleştirmek, içindeki şeytanları baskılarken onlarla arkadaş da olmaktır.","Lao Tzu","kendini gerçekleştirmek, şeytan, arkadaş","1","2024-08-26 15:32:44","2024-08-26 15:32:44"
"737","Aşk, çok sevginin kalıcı olacağı yanılsamasıdır.","Mahir Yıldızhan","aşk, sevgi, yanılsama","1","2024-08-28 07:26:45","2024-08-28 07:26:45"
"738","Zevkler belli bir sınırı aştığında, sadece cezadır.","Marcus Aurelius","zevk, ceza, sınır, aşırılık","1","2024-09-15 17:33:33","2024-09-15 17:33:33"
"739","Sen kim olduğuna karar veremediğin zaman, senin kim olduğuna başkası karar verecektir...","Nizar Kabbânî","karar, yaşam, bilgi, kimlik, kişilik, dış etki","1","2024-09-23 21:16:50","2024-09-23 21:16:50"
"740","Mümkün olsaydı her karış toprağa buğday eker gibi kitap ekerdim.","Horace","kitap, bilgi, kıymet, değer","1","2024-09-25 13:48:47","2024-09-25 13:48:47"
"741","Yarınlar hep güzel olacak denir. Oysa bugünler, dünün yarınları değil midir?","Victor Hugo","mutluluk, anı yakalamak, güzel, gün, yaşam, an","1","2024-10-03 06:07:22","2024-10-03 06:07:22"
"742","İletişimde en önemli şey, söylenmeyeni işitmektir.","Carl Gustav Jung","iletişim, söz, ima,","1","2024-11-04 12:05:53","2024-11-04 12:05:53"
"743","Gerçek yolculuk, yeni yerler aramak değil, yeni bir gözle bakmaktır.","Marcel Proust","yolculuk, göz, mekan, yol","1","2024-11-23 11:04:36","2024-11-23 11:04:36"
"744","Anlamı olan bir hayat, ne kadar zor olursa olsun yaşamaya değerdir.","Victor Emil Frankl","anlam, insan, yaşam","1","2025-01-19 13:54:01","2025-01-19 13:54:01"
"745","Acı geçiyor, acı elbette geçiyor, acı çekmiş olmak geçmiyor.","Kemal Varol","acı, yaşamak, hayat","1","2025-07-16 17:47:08","2025-07-16 17:47:08"
"746","İnsanın başına gelen kötü şey yapayalnız kalması değil, yapayalnız hissetmesine neden olacak insanlarla birlikte yaşamasıdır.","Goethe","yaşam, yalnızlık, his, doğru, insan","1","2025-07-19 14:51:13","2025-07-19 14:51:13"
"747","Yalnızlık, tüm ölü dallarımızı parçalayan sessiz bir fırtınadır. Buna rağmen yaşayan köklerimizi, yaşayan dünyanın yaşayan kalbinin daha derinlerine ulaştırır.","Halil Cibran","yaşam, yalnızlık, ölü","1","2025-07-20 08:14:51","2025-07-20 08:14:51"
"748","Kimse düşündüğün kadar masum değil, ya da kalmayacak…","Mahir Yıldızhan","masumiyet, yaşam","1","2025-08-16 20:17:20","2025-08-16 20:17:20"
"749","Kimin umrundayım? Bilmiyorum. Ama hayat kimsenin umrunda değil, onu biliyorum!","Mahir Yıldızhan","Mahir Yıldızhan 12/11/2024 Salı 23:46","1","2025-08-16 20:20:36","2025-08-16 20:20:36"
"750","Felsefe;  cevabını bulamayacağın zor sorularına cevap arayıp, bu yolculukla yaşamına anlam katmaktır.","Mahir Yıldızhan",NULL,"1","2025-08-16 20:21:29","2025-08-16 20:21:29"
"751","Hayat demek ölümü beklemektir.","Anonim","Hayat, ölüm, beklemek, acı, sevinç, düğün","1","2025-11-05 07:56:14","2025-11-05 07:56:14"
"752","Kötülerin kaybetmediği bir ülke, çocuklarına ahlâkı öğretemez.","Slavoj Žižek","ahlak, ülke, çocuk","1","2025-11-10 09:33:41","2025-11-10 09:33:41"
"753","Başlamak için mükemmel olmanıza gerek yok, ama mükemmel olmanız için başlamanız gerekir.","Zig Ziglar","başlamak, mükemmel, süreç","1","2025-11-12 21:45:05","2025-11-12 21:45:05"
"754","Senin almaya cesaret edemediğin riskleri alanlar, senin yaşamak istediğin hayatı yaşarlar.","Sokrates","risk, cesaret, hayat, başlamak","1","2025-11-12 21:47:49","2025-11-12 21:47:49"
"755","Öfkelendiğin şey seni kontrol eder.","Aytuğ Akdoğan, Youtube","öfke, kontrol","1","2026-01-01 22:46:24","2026-01-01 22:46:24"
