"id","date","source","amount","currency","type","description","user_id","created_at","updated_at"
"1","2025-06-28","QNB","39.33","₺","Interest","Günlük faiz.","1","2025-06-27 10:44:46","2025-06-29 06:57:25"
"2","2025-06-24","Datafili","29000.00","₺","Salary","58 saatlik çalışma karşılığı ücret.","1","2025-06-27 10:49:30","2025-08-24 10:58:40"
"4","2025-01-26","EnPara","162.74","₺","Interest","Günlük faiz.","1","2025-06-27 10:53:22","2025-06-27 10:53:22"
"5","2025-06-10","Ford Otosan","10047.60","₺","Salary","Dans eğitmenlik ücreti.","1","2025-06-27 10:54:01","2025-06-27 10:54:01"
"6","2025-06-26","QNB","17.62","₺","Interest","Günlük faiz.","1","2025-06-27 13:35:13","2025-06-27 13:36:06"
"7","2025-06-25","QNB","20.38","₺","Interest","Günlük faiz.","1","2025-06-27 13:36:11","2025-06-27 13:36:46"
"8","2025-06-27","QNB","9.43","₺","Interest","Günlük faiz.","1","2025-06-27 13:39:35","2025-06-27 13:39:35"
"9","2025-06-24","QNB","2.13","₺","Interest","Günlük faiz.","1","2025-06-27 13:39:38","2025-06-29 06:58:08"
"10","2025-06-22","QNB","2.08","₺","Interest","Günlük faiz.","1","2025-06-29 06:56:46","2025-06-29 06:59:18"
"11","2025-06-23","QNB","2.10","₺","Interest","Günlük faiz.","1","2025-06-29 06:58:37","2025-06-29 06:58:57"
"12","2025-06-21","QNB","2.08","₺","Interest","Günlük faiz.","1","2025-06-29 06:59:00","2025-06-29 06:59:38"
"13","2025-06-16","QNB","12.94","₺","Interest","Günlük faiz.","1","2025-06-29 06:59:20","2025-06-29 07:00:45"
"14","2025-06-20","QNB","2.07","₺","Interest","Günlük faiz.","1","2025-06-29 06:59:41","2025-06-29 06:59:58"
"15","2025-06-15","QNB","12.93","₺","Interest","Günlük faiz.","1","2025-06-29 07:00:01","2025-06-29 07:01:00"
"16","2025-06-14","QNB","12.92","₺","Interest","Günlük faiz.","1","2025-06-29 07:00:46","2025-06-29 07:01:21"
"17","2025-06-29","QNB","39.36","₺","Interest","Günlük faiz.","1","2025-06-29 07:01:02","2025-06-29 07:01:02"
"18","2025-06-13","QNB","12.67","₺","Interest","Günlük faiz.","1","2025-06-29 07:01:27","2025-06-29 07:01:42"
"19","2025-06-12","QNB","12.66","₺","Interest","Günlük faiz.","1","2025-06-29 07:01:44","2025-06-29 07:02:02"
"20","2025-06-11","QNB","12.66","₺","Interest","Günlük faiz.","1","2025-06-29 07:02:09","2025-06-29 07:02:27"
"21","2025-06-10","QNB","4.40","₺","Interest","Günlük faiz.","1","2025-06-29 07:02:28","2025-06-29 07:02:45"
"22","2025-06-09","QNB","4.39","₺","Interest","Günlük faiz.","1","2025-06-29 07:02:47","2025-06-29 07:03:05"
"23","2025-06-08","QNB","4.39","₺","Interest","Günlük faiz.","1","2025-06-29 07:03:21","2025-06-29 07:03:33"
"24","2025-06-07","QNB","4.39","₺","Interest","Günlük faiz.","1","2025-06-29 07:03:35","2025-06-29 07:03:50"
"25","2025-06-06","QNB","4.39","₺","Interest","Günlük faiz.","1","2025-06-29 07:03:53","2025-06-29 07:04:09"
"26","2025-06-05","QNB","4.41","₺","Interest","Günlük faiz.","1","2025-06-29 07:04:11","2025-06-29 07:04:23"
"27","2025-06-04","QNB","4.48","₺","Interest","Günlük faiz.","1","2025-06-29 07:04:25","2025-06-29 07:04:38"
"28","2025-06-03","QNB","7.00","₺","Interest","Günlük faiz.","1","2025-06-29 07:04:40","2025-06-29 07:04:54"
"29","2025-06-02","QNB","10.76","₺","Interest","Günlük faiz.","1","2025-06-29 07:04:56","2025-06-29 07:05:10"
"30","2025-06-01","QNB","6.98","₺","Interest","Günlük faiz.","1","2025-06-29 07:05:11","2025-06-29 07:05:24"
"31","2025-01-27","Babam","2600.00","₺","Wage","At çiftliğine anahtar priz lamba montajı.","1","2025-06-29 13:37:16","2025-06-29 13:37:16"
"32","2025-03-10","Ford Otosan","10000.00","₺","Salary","Şubat ayı tango ders ücreti.","1","2025-06-29 13:38:26","2025-06-29 13:38:26"
"33","2025-03-23","Babam","2000.00","₺","Wage","Günlük elektrikçilik yevmiyesi.","1","2025-06-29 13:39:35","2025-06-29 13:39:35"
"34","2025-03-27","Babam","10000.00","₺","Wage","Çiftlikte yaptığımız pano işinden 2 günlük yevmiye.","1","2025-06-29 13:40:16","2025-06-29 13:40:16"
"35","2025-03-30","Babam","1500.00","₺","Wage","Topraklama lamasını döşemek için yevmiye.","1","2025-06-29 13:42:24","2025-06-29 13:42:24"
"36","2025-04-10","Ford Otosan","10000.00","₺","Salary","Tango ders ücreti.","1","2025-06-29 13:43:08","2025-06-29 13:43:08"
"37","2025-04-15","Babam","17500.00","₺","Wage","Yasin İnciel 2 katlı bina tesisat işleri.","1","2025-06-29 13:46:03","2025-06-29 13:46:03"
"38","2025-04-19","Babam","3500.00","₺","Wage","2 anten ayarı, Faruk kablo çekim.","1","2025-06-29 13:48:46","2025-06-29 13:48:46"
"39","2025-04-30","Şevval Seyahat","2350.00","₺","Material Profit","Malzeme Kârı","1","2025-06-29 14:31:10","2025-06-29 14:31:10"
"40","2025-05-10","Ford Otosan","10008.15","₺","Salary","Nisan ayı tango ders ücreti.","1","2025-06-29 14:32:24","2025-06-29 14:32:24"
"42","2025-05-11","Babam","3250.00","₺","Wage","2 adet sayaç takma yevmiyesi","1","2025-06-29 14:40:20","2025-06-29 14:40:20"
"43","2025-05-12","Babam","17500.00","₺","Wage","Babam'la Haluk Cançeker villasındaki yevmiye","1","2025-06-29 14:41:15","2025-06-29 14:41:15"
"44","2025-06-30","QNB","36.95","₺","Interest","Günlük faiz.","1","2025-07-01 10:39:10","2025-07-01 10:39:54"
"45","2025-07-05","Babam","2500.00","₺","Wage","Boru atma işi yevmiyesi","1","2025-07-05 18:56:44","2025-07-05 18:57:26"
"46","2025-07-05","QNB","13.32","₺","Interest","Günlük faiz.","1","2025-07-05 19:01:03","2025-07-05 19:01:24"
"47","2025-07-04","QNB","13.50","₺","Interest","Günlük faiz.","1","2025-07-05 19:01:40","2025-07-05 19:01:56"
"48","2025-07-10","Ford Otosan","10000.00","₺","Salary","Dans eğitmenlik ücreti.","1","2025-07-10 14:57:45","2025-07-10 14:57:57"
"49","2025-07-14","Fahri Çelebi","5500.00","₺","Project","Fahri için yaptığım rezervasyon sisteminin parası.","1","2025-07-14 11:55:24","2025-07-14 11:55:24"
"50","2025-07-13","Babam","2000.00","₺","Wage","Babamla 2 sayaç yeri değiştirme ücreti.","1","2025-07-14 11:56:06","2025-07-14 11:56:06"
"51","2025-07-16","Babam","3500.00","₺","Wage","Babamla TinyHouse'larda elektrik işi.","1","2025-07-16 14:44:03","2025-07-16 14:44:03"
"52","2025-07-16","Datafili","26000.00","₺","Salary","52 Saatlik Datafili çalışması.","1","2025-07-16 14:44:48","2025-08-24 10:57:53"
"53","2025-07-16","EnPara","21.93","₺","Interest","Günlük faiz.","1","2025-07-16 14:46:43","2025-07-16 16:06:09"
"54","2025-07-15","EnPara","21.91","₺","Interest","Günlük faiz.","1","2025-07-16 16:06:23","2025-07-16 16:06:32"
"55","2025-07-14","EnPara","17.55","₺","Interest","Günlük faiz.","1","2025-07-16 16:06:38","2025-07-16 16:07:15"
"56","2025-07-16","A101","460.00","₺","Other","Madeni para bütünletme.","1","2025-07-16 16:08:42","2025-07-16 16:08:42"
"57","2025-07-21","Babam","2000.00","₺","Wage","Yapı denetimli bina boru atma işi.","1","2025-07-21 13:42:47","2025-07-21 13:42:47"
"58","2025-07-21","EnPara","19.86","₺","Interest","Günlük faiz.","1","2025-07-21 13:44:13","2025-07-21 13:44:28"
"59","2025-07-20","EnPara","19.84","₺","Interest","Günlük faiz.","1","2025-07-21 13:44:31","2025-07-21 13:44:53"
"60","2025-07-19","EnPara","19.83","₺","Interest","Günlük faiz.","1","2025-07-21 13:44:55","2025-07-21 13:45:22"
"61","2025-07-18","EnPara","19.82","₺","Interest","Günlük faiz.","1","2025-07-21 13:45:45","2025-07-21 13:46:01"
"62","2025-07-17","EnPara","19.48","₺","Interest","Günlük faiz.","1","2025-07-21 13:46:13","2025-07-21 13:46:57"
"63","2025-07-22","EnPara","18.00","₺","Interest","Günlük faiz.","1","2025-07-22 17:42:30","2025-07-22 17:43:32"
"64","2025-07-23","Babam","2000.00","₺","Wage","TinyHouse anten, çiftlik kalan işler yapıldı.","1","2025-07-24 06:54:38","2025-07-24 06:55:01"
"65","2025-08-04","Oğuz Yıldızhan","1000.00","₺","Wage","Oğuz’un evine sigorta kanal vs takımı.","1","2025-08-04 18:12:44","2025-08-04 18:12:44"
"66","2025-08-08","Mangal","2250.00","₺","Wage","Mangal için gelen geri ödemeler.","1","2025-08-10 15:03:32","2025-08-10 15:03:32"
"67","2025-08-12","İbrahim Turan","50.00","₺","Material","İbrahime kablo satışı. 20₺ kar.","1","2025-08-13 10:19:42","2025-08-13 10:19:42"
"68","2025-08-13","Esra Gürbüzerol","1000.00","₺","Wage","Esra'ya klima bağlama.","1","2025-08-16 19:33:56","2025-08-16 19:34:07"
"69","2025-08-13","Esra Gürbüzerol","500.00","₺","Material","Esra'ya malzeme 100₺ kar.","1","2025-08-16 19:34:48","2025-08-16 19:35:26"
"70","2025-08-18","Esra Gürbüzerol","500.00","₺","Wage","Esra için kalan işler.","1","2025-08-21 11:14:45","2025-08-21 11:14:45"
"71","2025-08-20","Babam","2500.00","₺","Wage","Eski çiftlikte duvar üstü aydınlatmaların takılması.","1","2025-08-21 11:15:49","2025-08-21 11:15:49"
"72","2025-08-20","Babam","550.00","₺","Wage","şohpen takımı, anahtar priz montajı, lamba tv kontrolü.","1","2025-08-21 11:17:21","2025-08-21 11:17:21"
"73","2025-08-22","Datafili","54000.00","₺","Salary","108 saatlik Datafili çalışması.","1","2025-08-24 10:56:59","2025-08-24 10:56:59"
"74","2025-08-25","Babam","3000.00","₺","Wage","Kadir abinin boru atma işi.","1","2025-08-26 05:54:38","2025-08-26 05:54:38"
"75","2025-09-05","Babam","50000.00","₺","Wage","Babamla Hüseyin Balbay'ın evinde yaptığımız işin parası.","1","2025-09-05 14:13:08","2025-09-05 14:13:08"
"76","2025-09-10","Babam","5200.00","₺","Wage","Babamla birlikte köyde TinyHouse ve Tepebaşı'nda Yılmaz abinin evinde çalışmalar.","1","2025-09-11 11:24:15","2025-09-11 11:24:15"
"77","2025-09-12","Babam","4000.00","₺","Wage","Babamla Tepebaşı'nda İbrahim Duman'ın işi için yövmiye.","1","2025-09-12 16:14:56","2025-09-14 12:02:43"
"78","2025-09-19","Datafili","41700.00","₺","Salary","Datafili için 75 saat çalışma ve 4200₺ sunucu kiralama bedeli.","1","2025-09-20 09:58:52","2025-09-20 12:05:31"
"79","2025-09-22","Babam","8000.00","₺","Wage","Köyde 4 tanker su taşıma parası.","1","2025-09-22 09:44:28","2025-09-22 09:44:28"
"80","2025-10-01","Babam","1500.00","₺","Wage","Babamla çalışma.","1","2025-10-01 08:16:11","2025-10-01 08:16:11"
"81","2025-10-01","Hanedan İnşaat","2801.80","₺","Domain","5 yıllık hanedan1453.com.tr adresinin alış bedeli.","1","2025-10-01 12:28:22","2025-10-01 12:29:14"
"82","2025-10-01","Hanedan İnşaat","240.00","₺","Hosting","hanedan1453.com.tr için 01/10/2025 - 30/09/2026 tarihleri arası Hosting barındırma hizmeti.","1","2025-10-01 12:46:07","2025-10-01 12:46:07"
"83","2025-10-12","Babam","7000.00","₺","Wage","Babama kablo alma ve 1 günlük yevmiye.","1","2025-10-13 08:51:41","2025-10-13 08:51:41"
"84","2025-10-15","Datafili","33000.00","₺","Salary","66 saat Datafili çalışması.","1","2025-10-15 14:36:39","2025-10-15 14:36:39"
"85","2025-10-15","Babam","2500.00","₺","Wage","Anten takma işlerinden gelen günlük yevmiye.","1","2025-10-15 15:43:09","2025-10-15 15:43:09"
"86","2025-10-19","Babam","5000.00","₺","Wage","Baban Göksel ben ekmekçi ibrahim'in yerini yaptık. İşçilik.","1","2025-10-19 19:56:21","2025-10-19 19:56:21"
"87","2025-10-21","Babam","1000.00","₺","Material","Modem için babam verdi.","1","2025-10-21 19:32:39","2025-10-21 19:32:39"
"88","2025-10-20","Hanedan İnşaat","2000.00","₺","Salary","Hanedan1453.com.tr sitesi için yarı ödeme 2k daha alınacak.","1","2025-10-21 19:34:26","2025-10-21 19:34:26"
"89","2025-10-25","Babam","8000.00","₺","Wage","Babamla Kadir abinin inşaatında iki gün çalışma bedeli","1","2025-10-25 15:12:23","2025-10-25 15:12:23"
"90","2025-11-05","Babam","20000.00","₺","Wage","Babamla ekmekçi İbrahim abinin yerinde çalışma karşılığı yevmiye.","1","2025-11-05 16:56:12","2025-11-05 16:56:12"
"91","2025-11-05","Hanedan İnşaat","2000.00","₺","Salary","Hanedan1453.com.tr sitesi için kalan ödeme 2k","1","2025-11-05 16:56:56","2025-11-05 16:56:56"
"92","2025-11-05","Yeşim Koçak","2550.00","₺","Refund","İstanbul'da harcadıklarımız için geri iade.","1","2025-11-05 17:02:16","2025-11-05 17:02:16"
"93","2025-11-05","Filiz Eroğlu","2240.00","₺","Refund","İstanbul'da harcadıklarımız için geri iade.","1","2025-11-05 17:02:49","2025-11-05 17:02:49"
"94","2025-11-05","Babam","2700.00","₺","Materiel","Aldığım malzeme için babamdan iade.","1","2025-11-05 17:06:27","2025-11-05 17:06:27"
"95","2025-11-19","Nilgün Özyuva","3100.00","₺","Wage","Nilgün hanıma yaptığım elektrik işi 1500 işçilik.","1","2025-11-19 16:06:15","2025-11-19 16:06:15"
"96","2025-11-19","Babam","2500.00","₺","Wage","Babamla köyde iki ayrı iş için yevmiye 1500+1000","1","2025-11-19 16:07:23","2025-11-19 16:07:23"
"97","2025-11-23","Datafili","24500.00","₺","Salary","Datafili için 49 saat çalışma bedeli.","1","2025-11-24 14:16:18","2025-11-24 14:50:03"
"98","2025-12-05","Göksel Atik","850.00","₺","Reinbursment","Göksel'e aldığım kolyenin geri dönüşü.","1","2025-12-08 14:22:54","2025-12-08 14:22:54"
"99","2025-12-05","Ömer Akın","1000.00","₺","Wage","Ömer Akın'ın evinde kaçak akım atma sorunu tespiti ve 2 priz değiştirme.","1","2025-12-08 14:23:40","2025-12-08 14:23:40"
"100","2025-12-05","Ömer Akın","300.00","₺","Material","Ömer Akın'ın evinde bir tekli bir ikili priz takma malzeme parası.","1","2025-12-08 14:24:10","2025-12-08 14:24:10"
"101","2025-12-05","Cevdet Abi","1100.00","₺","Wage","Üçköylerden Cevdet abinin evinde mutfak prizlerinin takımı 2'li priz dahil işçilik.","1","2025-12-08 14:25:03","2025-12-08 14:25:03"
"102","2025-12-12","Göksel Artık","7000.00","₺","Wage","İlhami beyin çiftliğinde 2 günlük yevmiye.","1","2025-12-13 17:51:22","2025-12-13 17:51:22"
"103","2025-12-22","Babam","5000.00","₺","Wage","Babamla boru atma işçiliği karşılığı yevmiye.","1","2025-12-23 16:44:43","2025-12-23 16:44:43"
"104","2025-12-29","Bahçeköy Plus","8500.00","₺","Wage","Bahçeköy Plus Tiny House'larında Ada Parsel 55/44 ve Ada Parsel 155/158 elektrik bağlantısı işlerinden kalan yevmiyeler.","1","2025-12-23 16:46:52","2025-12-23 16:46:52"
"105","2025-12-17","Ford Otosan","10000.00","₺","Salary","Ford Otosan'da tango dersleri için aylık ücret.","1","2025-12-23 16:51:36","2025-12-23 16:51:36"
"106","2025-12-23","Babam","200.00","₺","Wage","İrfan Külcü evinde anahtar priz değişimi ve kaçak akım sorunu giderildi.","1","2025-12-23 16:52:29","2025-12-23 16:52:29"
"107","2026-01-09","Rahim Varol","200.00","₺","Wage","Rahim abiye avize takma işi.","1","2026-01-09 12:41:47","2026-01-09 12:41:47"
"108","2026-01-09","Ford Otosan","12200.00","₺","Salary","Ford Tango dersi ücreti.","1","2026-01-09 13:41:14","2026-01-09 13:41:14"
"109","2026-01-09","Mehmet Bayın","200.00","₺","TV","Tv ayarlama","1","2026-01-09 13:41:51","2026-01-09 13:41:51"
"110","2026-01-09","Şefik Okumuş","600.00","₺","Wage","Ara kablo ve reglaj işi.","1","2026-01-09 13:46:57","2026-01-09 13:46:57"
"111","2026-01-08","Babam","4000.00","₺","Wage","Babamla boru atma işi ödemesi.","1","2026-01-11 11:29:00","2026-01-11 11:29:00"
"112","2026-01-07","Jeneratör Prizi","800.00","₺","Wage","Kervansaray'da bir adamın evine taktığı jeneratör için kablo yapımı. İşçilik ve malzeme kârı dahil.","1","2026-01-11 11:33:44","2026-01-11 11:33:44"
"113","2026-01-15","Babam","8000.00","₺","Wage","Çiftlik aydınlatma ve sıva üstü tesisat işleri","1","2026-01-15 13:00:00","2026-01-15 13:00:00"
"114","2026-01-15","Babam","2000.00","₺","Wage","Bahçeköy Plus Kapı kablo işleri.","1","2026-01-15 13:00:28","2026-01-15 13:00:28"
"115","2026-01-15","Yılmaz Özdemir","500.00","₺","TV","TV çanak takımı ve kablo ile ayarlama.","1","2026-01-15 13:01:52","2026-01-15 13:01:52"
"116","2026-01-16","Bahçeköy Plus","1850.00","₺","KDV","Bahçeköy’e kestiğim faturanın KDV kazancı","1","2026-01-17 11:40:52","2026-01-17 11:40:52"
"117","2026-01-26","Babam","350.00","₺","TV","Akmeşe'de anten ayarlama işi.","1","2026-01-26 13:05:59","2026-01-26 13:05:59"
"118","2026-01-26","Babam","600.00","₺","Sigorta Değişim","Tiny House'larda 2 sigorta değişim işi.","1","2026-01-26 13:07:04","2026-01-26 13:07:04"
"119","2026-01-29","Bahçeköy Plus","2650.00","₺","KDV","Bahçeköy’e kestiğim faturanın KDV kazancı","1","2026-01-29 13:10:18","2026-03-19 20:24:47"
"120","2026-01-29","Bahçeköy Plus","6500.00","₺","Wage","Bahçeköy Plus armatür tamiri ve pano sabitleme işi.","1","2026-01-29 13:13:08","2026-01-29 13:14:09"
"121","2026-01-29","Babam","2000.00","₺","Wage","Hacı Mehmet Çelebi'nin elektrik işleri.","1","2026-01-30 16:25:13","2026-01-30 16:25:13"
"122","2026-02-11","Ford Otosan","12200.00","₺","Salary","Ford Tango dersi ücreti.","1","2026-02-11 16:18:50","2026-02-11 16:18:50"
"123","2026-02-11","Babam","8000.00","₺","Wage","3.04 tane işin yevmiyeleri. 8000 aldım 5000 daha alacağım","1","2026-02-11 16:19:51","2026-02-11 16:20:49"
"124","2026-02-13","262Live","1100.00","₺","Wage","262LivePub’ta ilk çalışma gününün karşılığı 1000 TL artı 100 TL bahşiş.","1","2026-02-13 00:25:53","2026-02-13 00:25:53"
"125","2026-02-12","Babam","5000.00","₺","Wage","3.04 tane işin yevmiyeleri. Kalan 5000","1","2026-02-13 00:26:04","2026-02-13 00:27:07"
"126","2026-02-15","Bahçeköy Plus","7500.00","₺","Wage","Topraklama işi için işçilik payım.","1","2026-02-15 08:55:35","2026-02-15 08:55:35"
"127","2026-02-15","Bahçeköy Plus","9666.67","₺","KDV","Bahçeköy’e kestiğim faturanın KDV kazancı","1","2026-02-15 08:55:45","2026-02-15 08:57:40"
"128","2026-02-15","Bahçeköy Plus","3000.00","₺","Material","Topraklama işi için malzeme karı payım.","1","2026-02-15 08:55:59","2026-02-15 08:56:24"
"129","2026-02-24","Devlet","5000.00","₺","Reimbursement","Toki para iadesi","1","2026-02-24 13:59:22","2026-02-24 13:59:22"
"130","2026-02-23","Bahçeköy Plus","800.00","₺","KDV","Bahçeköy’e kestiğim faturanın KDV kazancı","1","2026-02-24 13:59:39","2026-02-24 14:00:03"
"131","2026-03-04","Bahçeköy Plus","5400.00","₺","KDV","Bahçeköy’e kestiğim faturanın KDV kazancı","1","2026-03-04 09:51:00","2026-03-04 09:51:27"
"132","2026-03-04","Kartepe Kuyumculuk","7300.00","₺","Saving","1 gram altınımı bozdurdum.","1","2026-03-04 10:15:00","2026-03-04 10:16:45"
"133","2026-03-03","Doviz Bürosu","21800.00","₺","Saving","500$ saklı paramı bozdurdum.","1","2026-03-04 10:16:09","2026-03-04 10:17:00"
"134","2026-03-04","Bahçeköy Plus","4000.00","₺","Wage","Güneş enerjili sokak aydınlatma işi için işçilik payım.","1","2026-03-04 10:22:59","2026-03-04 10:23:24"
"135","2026-03-07","262Live","600.00","₺","Hosting","262livepub.con yıllık barındırma ücreti.","1","2026-03-06 23:54:39","2026-03-06 23:54:39"
"136","2026-03-10","Ford Otosan","12200.00","₺","Salary","Ford Tango dersi ücreti.","1","2026-03-10 16:43:22","2026-03-10 16:43:22"
"137","2026-03-15","Ömer Akçer","370.00","₺","Material","5mt ara kablo yaptık.","1","2026-03-15 19:24:06","2026-03-15 19:24:06"
"138","2026-03-15","Babam","1000.00","₺","Wage","Yılmaz abiye yaptığımız iş için yevmiye.","1","2026-03-15 19:24:29","2026-03-15 19:25:05"
"139","2026-03-15","Annem","1000.00","₺","Harçlık","Doğum günü hediyesi olarak annem harçlık verdi.","1","2026-03-15 21:15:19","2026-03-15 21:15:19"
"140","2026-03-21","Babam","1000.00","₺","Harçlık","Doğum günü hediyesi olarak annem harçlık verdi.","1","2026-03-22 12:42:27","2026-03-22 12:42:39"
"141","2026-03-26","Babam","6600.00","₺","Wage","Babamla Düğmeciler köyünde yaptığımız ikinci elektrik işi","1","2026-03-26 18:59:47","2026-03-26 19:00:40"
"142","2026-03-27","Babam","15000.00","₺","Wage","Babamla Düğmeciler köyünde yaptığımız ilk elektrik işi.","1","2026-03-27 12:38:47","2026-03-27 12:39:14"
"143","2026-03-27","Hüseyin Malçok babsı.","200.00","₺","Wage","Lamba tamiri.","1","2026-03-27 19:55:58","2026-03-27 19:56:24"
"144","2026-03-25","Savings","44500.00","₺","Savings","Kenardaki 1000$ paramı bozdurdum.","1","2026-03-27 19:59:28","2026-03-27 19:59:34"
"145","2026-03-28","Babam","600.00","₺","Wage","Babamla Yalçın abi ve camide yaptığımız işler için yevmiye","1","2026-03-28 14:19:56","2026-03-28 14:19:56"
"146","2026-03-31","Özcan Kocatürk","200.00","₺","Material","Özcan abiye 3x2,5 40 metre kablo satış karı .","1","2026-03-31 06:04:18","2026-04-01 22:28:49"
