id,model_type,model_id,action,user_id,changes,created_at,updated_at
1,"App\Models\Expense",2428,created,1,"{""id"": 2428, ""tax"": ""0"", ""date"": ""2026-04-04 00:00:00"", ""price"": ""370"", ""total"": 370, ""quantity"": ""1"", ""created_at"": ""2026-04-04 10:07:35"", ""updated_at"": ""2026-04-04 10:07:35"", ""currency_id"": ""3"", ""description"": ""Green Salad’ta körili tavuk"", ""paid_by_others"": false, ""stakeholder_id"": null, ""company_expense"": true, ""expense_type_id"": null}","2026-04-04 10:07:35","2026-04-04 10:07:35"
2,"App\Models\Expense",2428,updated,1,"{""date"": ""2026-04-03 00:00:00"", ""expense_type_id"": ""2""}","2026-04-04 10:08:15","2026-04-04 10:08:15"
3,"App\Models\Income",147,created,1,"{""id"": 147, ""date"": ""2026-04-03 00:00:00"", ""amount"": ""200"", ""user_id"": ""1"", ""created_at"": ""2026-04-04 17:44:36"", ""updated_at"": ""2026-04-04 17:44:36"", ""currency_id"": ""1"", ""description"": ""Babamla 2 ufak işin yevmiyesi."", ""income_type_id"": ""6"", ""income_source_id"": ""9""}","2026-04-04 17:44:36","2026-04-04 17:44:36"
4,"App\Models\Expense",2428,updated,1,"{""currency_id"": ""1""}","2026-04-04 17:45:00","2026-04-04 17:45:00"
5,"App\Models\Expense",2429,created,1,"{""id"": 2429, ""tax"": ""533.4"", ""date"": ""2026-04-04 00:00:00"", ""price"": ""3200.4"", ""total"": 3733.8, ""quantity"": ""1"", ""created_at"": ""2026-04-04 18:06:21"", ""updated_at"": ""2026-04-04 18:06:21"", ""currency_id"": ""1"", ""description"": ""50,8lt x 63,0₺"", ""paid_by_others"": false, ""stakeholder_id"": ""1"", ""company_expense"": true, ""expense_type_id"": ""1""}","2026-04-04 18:06:21","2026-04-04 18:06:21"
6,"App\Models\Expense",2430,created,1,"{""id"": 2430, ""tax"": ""0"", ""date"": ""2026-04-02 00:00:00"", ""price"": ""460"", ""total"": 460, ""quantity"": ""1"", ""created_at"": ""2026-04-04 18:17:18"", ""updated_at"": ""2026-04-04 18:17:18"", ""currency_id"": ""1"", ""description"": ""Milonga giriş ücreti. Kartla çektikleri için 60₺ fark koydular."", ""paid_by_others"": false, ""stakeholder_id"": ""2"", ""company_expense"": false, ""expense_type_id"": ""21""}","2026-04-04 18:17:19","2026-04-04 18:17:19"
7,"App\Models\Income",148,created,1,"{""id"": 148, ""date"": ""2026-04-04 00:00:00"", ""amount"": ""699.99"", ""user_id"": 1, ""created_at"": ""2026-04-04 18:43:22"", ""updated_at"": ""2026-04-04 18:43:22"", ""currency_id"": ""1"", ""description"": ""https://catimusic.net/ 1 yıllık Hosting ücreti. 01/04/2026 - 31/03/2027"", ""income_type_id"": ""12"", ""income_source_id"": ""11""}","2026-04-04 18:43:22","2026-04-04 18:43:22"
8,"App\Models\Expense",2431,created,1,"{""id"": 2431, ""tax"": ""0"", ""date"": ""2026-04-03 00:00:00"", ""price"": ""381.23"", ""total"": 381.23, ""quantity"": ""1"", ""created_at"": ""2026-04-04 19:58:30"", ""updated_at"": ""2026-04-04 19:58:30"", ""currency_id"": ""1"", ""description"": ""Market alışverişi."", ""paid_by_others"": false, ""stakeholder_id"": ""4"", ""company_expense"": false, ""expense_type_id"": ""8""}","2026-04-04 19:58:30","2026-04-04 19:58:30"
9,"App\Models\Expense",2432,created,1,"{""id"": 2432, ""tax"": ""33.64"", ""date"": ""2026-04-04 00:00:00"", ""price"": ""370"", ""total"": 403.64, ""quantity"": ""1"", ""created_at"": ""2026-04-04 20:04:07"", ""updated_at"": ""2026-04-04 20:04:07"", ""currency_id"": ""1"", ""description"": ""Körili tavuk."", ""paid_by_others"": false, ""stakeholder_id"": ""5"", ""company_expense"": true, ""expense_type_id"": ""2""}","2026-04-04 20:04:07","2026-04-04 20:04:07"
10,"App\Models\Income",149,created,1,"{""id"": 149, ""date"": ""2026-04-04 00:00:00"", ""amount"": ""800"", ""user_id"": 1, ""created_at"": ""2026-04-04 22:31:47"", ""updated_at"": ""2026-04-04 22:31:47"", ""currency_id"": ""1"", ""description"": ""Çatı Müzik grubu için rezervasyon sistemi tasarımı."", ""income_type_id"": null, ""income_source_id"": ""11""}","2026-04-04 22:31:47","2026-04-04 22:31:47"
11,"App\Models\Income",149,updated,1,"{""income_type_id"": ""23""}","2026-04-04 22:32:14","2026-04-04 22:32:14"
12,"App\Models\Income",150,created,1,"{""id"": 150, ""date"": ""2026-04-06 00:00:00"", ""amount"": ""5000"", ""user_id"": ""1"", ""created_at"": ""2026-04-07 15:23:00"", ""updated_at"": ""2026-04-07 15:23:00"", ""currency_id"": ""1"", ""description"": ""Yılmaz abinin besleme kablosunun işçiliği."", ""income_type_id"": ""11"", ""income_source_id"": ""9""}","2026-04-07 15:23:00","2026-04-07 15:23:00"
13,"App\Models\Income",150,updated,1,"{""income_type_id"": ""24""}","2026-04-07 15:24:02","2026-04-07 15:24:02"
14,"App\Models\Expense",2433,created,1,"{""id"": 2433, ""tax"": ""0"", ""date"": ""2026-04-06 00:00:00"", ""price"": ""0150"", ""total"": 150, ""quantity"": ""1"", ""created_at"": ""2026-04-07 15:26:37"", ""updated_at"": ""2026-04-07 15:26:37"", ""currency_id"": ""1"", ""description"": null, ""paid_by_others"": false, ""stakeholder_id"": null, ""company_expense"": false, ""expense_type_id"": ""8""}","2026-04-07 15:26:37","2026-04-07 15:26:37"
15,"App\Models\Expense",2434,created,1,"{""id"": 2434, ""tax"": ""0"", ""date"": ""2026-04-06 00:00:00"", ""price"": ""0150"", ""total"": 150, ""quantity"": ""1"", ""created_at"": ""2026-04-07 15:26:38"", ""updated_at"": ""2026-04-07 15:26:38"", ""currency_id"": ""1"", ""description"": null, ""paid_by_others"": false, ""stakeholder_id"": null, ""company_expense"": false, ""expense_type_id"": ""8""}","2026-04-07 15:26:38","2026-04-07 15:26:38"
16,"App\Models\Expense",2434,updated,1,"{""expense_type_id"": ""16""}","2026-04-07 15:26:50","2026-04-07 15:26:50"
17,"App\Models\Expense",2434,updated,1,"{""description"": ""Babil'in en zengin insanı kitabından esinlenerek gelirlerimin 10'da 1'ini ayırdığım hesaba transfer.""}","2026-04-07 15:27:25","2026-04-07 15:27:25"
18,"App\Models\Income",151,created,1,"{""id"": 151, ""date"": ""2026-04-06 00:00:00"", ""amount"": ""150"", ""user_id"": 1, ""created_at"": ""2026-04-07 15:28:40"", ""updated_at"": ""2026-04-07 15:28:40"", ""currency_id"": ""1"", ""description"": ""Bahçeköy Plus'ta TV çanak takımı ve ayarlama işi."", ""income_type_id"": ""16"", ""income_source_id"": ""9""}","2026-04-07 15:28:40","2026-04-07 15:28:40"
19,"App\Models\Income",151,updated,1,"{""amount"": ""750.00""}","2026-04-07 15:29:18","2026-04-07 15:29:18"
20,"App\Models\Income",152,created,1,"{""id"": 152, ""date"": ""2026-04-06 00:00:00"", ""amount"": ""1000"", ""user_id"": 1, ""created_at"": ""2026-04-07 15:30:14"", ""updated_at"": ""2026-04-07 15:30:14"", ""currency_id"": ""1"", ""description"": ""Babamla yaptığımız işlerden genel malzeme karı."", ""income_type_id"": ""10"", ""income_source_id"": ""9""}","2026-04-07 15:30:14","2026-04-07 15:30:14"
21,"App\Models\Income",118,updated,1,"{""income_type_id"": ""24""}","2026-04-07 15:30:54","2026-04-07 15:30:54"
22,"App\Models\Income",136,updated,1,"{""income_type_id"": ""25""}","2026-04-07 15:32:20","2026-04-07 15:32:20"
23,"App\Models\Income",122,updated,1,"{""income_type_id"": ""25""}","2026-04-07 15:32:38","2026-04-07 15:32:38"
24,"App\Models\Income",108,updated,1,"{""income_type_id"": ""25""}","2026-04-07 15:32:52","2026-04-07 15:32:52"
25,"App\Models\Expense",2435,created,1,"{""id"": 2435, ""tax"": ""0.00"", ""date"": ""2026-04-07 00:00:00"", ""price"": ""150.00"", ""total"": ""150.00"", ""quantity"": ""1.000"", ""created_at"": ""2026-04-07 15:35:15"", ""deleted_at"": null, ""updated_at"": ""2026-04-07 15:35:15"", ""currency_id"": 1, ""description"": ""Babil'in en zengin insanı kitabından esinlenerek gelirlerimin 10'da 1'ini ayırdığım hesaba transfer."", ""paid_by_others"": 0, ""stakeholder_id"": null, ""company_expense"": 0, ""expense_type_id"": 16}","2026-04-07 15:35:15","2026-04-07 15:35:15"
26,"App\Models\Expense",2435,updated,1,"{""price"": ""675"", ""total"": 675}","2026-04-07 15:35:26","2026-04-07 15:35:26"
27,"App\Models\Expense",2436,created,1,"{""id"": 2436, ""tax"": ""0.00"", ""date"": ""2026-04-07 00:00:00"", ""price"": ""800.00"", ""total"": ""800.00"", ""quantity"": ""1.000"", ""created_at"": ""2026-04-07 18:27:30"", ""deleted_at"": null, ""updated_at"": ""2026-04-07 18:27:30"", ""currency_id"": 1, ""description"": ""Tıraş parası"", ""paid_by_others"": 0, ""stakeholder_id"": null, ""company_expense"": 0, ""expense_type_id"": 19}","2026-04-07 18:27:31","2026-04-07 18:27:31"
28,"App\Models\Expense",2437,created,1,"{""id"": 2437, ""tax"": ""0"", ""date"": ""2026-04-07 00:00:00"", ""price"": ""230"", ""total"": 230, ""quantity"": ""1"", ""created_at"": ""2026-04-07 18:28:34"", ""updated_at"": ""2026-04-07 18:28:34"", ""currency_id"": ""1"", ""description"": ""Şöför Mehmet’e 1 bira borcumu ödedim."", ""paid_by_others"": false, ""stakeholder_id"": null, ""company_expense"": false, ""expense_type_id"": ""15""}","2026-04-07 18:28:34","2026-04-07 18:28:34"
29,"App\Models\Expense",2438,created,1,"{""id"": 2438, ""tax"": ""0"", ""date"": ""2026-04-07 00:00:00"", ""price"": ""150"", ""total"": 150, ""quantity"": ""1"", ""created_at"": ""2026-04-07 18:29:19"", ""updated_at"": ""2026-04-07 18:29:19"", ""currency_id"": ""1"", ""description"": ""1,5 pilav üstü tavuk."", ""paid_by_others"": false, ""stakeholder_id"": null, ""company_expense"": false, ""expense_type_id"": ""8""}","2026-04-07 18:29:19","2026-04-07 18:29:19"
30,"App\Models\Expense",2439,created,1,"{""id"": 2439, ""tax"": ""0"", ""date"": ""2026-04-07 00:00:00"", ""price"": ""289.8"", ""total"": 289.8, ""quantity"": ""1"", ""created_at"": ""2026-04-07 18:33:12"", ""updated_at"": ""2026-04-07 18:33:12"", ""currency_id"": ""1"", ""description"": ""Bitter çikolata."", ""paid_by_others"": false, ""stakeholder_id"": ""6"", ""company_expense"": true, ""expense_type_id"": ""2""}","2026-04-07 18:33:12","2026-04-07 18:33:12"
31,"App\Models\Expense",2440,created,1,"{""id"": 2440, ""tax"": ""24.55"", ""date"": ""2026-04-07 00:00:00"", ""price"": ""270"", ""total"": 294.55, ""quantity"": ""1"", ""created_at"": ""2026-04-07 18:35:58"", ""updated_at"": ""2026-04-07 18:35:58"", ""currency_id"": ""1"", ""description"": ""Nazlı ile öğle yemeği döner."", ""paid_by_others"": false, ""stakeholder_id"": ""7"", ""company_expense"": true, ""expense_type_id"": ""2""}","2026-04-07 18:35:59","2026-04-07 18:35:59"
32,"App\Models\Expense",2439,updated,1,"{""tax"": ""26.35"", ""total"": 316.15000000000003, ""stakeholder_id"": null}","2026-04-07 18:36:15","2026-04-07 18:36:15"
33,"App\Models\Expense",2441,created,1,"{""id"": 2441, ""tax"": ""0.00"", ""date"": ""2026-04-10 00:00:00"", ""price"": ""675.00"", ""total"": ""675.00"", ""quantity"": ""1.000"", ""created_at"": ""2026-04-10 14:42:45"", ""deleted_at"": null, ""updated_at"": ""2026-04-10 14:42:45"", ""currency_id"": 1, ""description"": ""Babil'in en zengin insanı kitabından esinlenerek gelirlerimin 10'da 1'ini ayırdığım hesaba transfer."", ""paid_by_others"": 0, ""stakeholder_id"": null, ""company_expense"": 0, ""expense_type_id"": 16}","2026-04-10 14:42:45","2026-04-10 14:42:45"
34,"App\Models\Expense",2441,updated,1,"{""price"": ""2085"", ""total"": 2085}","2026-04-10 14:42:58","2026-04-10 14:42:58"
35,"App\Models\Income",153,created,1,"{""id"": 153, ""date"": ""2026-04-10 00:00:00"", ""amount"": ""44500.00"", ""user_id"": 1, ""created_at"": ""2026-04-10 14:43:14"", ""deleted_at"": null, ""updated_at"": ""2026-04-10 14:43:14"", ""currency_id"": 1, ""description"": ""Kenardaki 1000$ paramı bozdurdum."", ""income_type_id"": 22, ""income_source_id"": 38}","2026-04-10 14:43:14","2026-04-10 14:43:14"
36,"App\Models\Income",153,updated,1,"{""amount"": ""8160"", ""description"": ""Ford hissemi bozdurdum.""}","2026-04-10 14:43:54","2026-04-10 14:43:54"
37,"App\Models\Income",154,created,1,"{""id"": 154, ""date"": ""2026-04-10 00:00:00"", ""amount"": ""12200.00"", ""user_id"": 1, ""created_at"": ""2026-04-10 14:44:10"", ""deleted_at"": null, ""updated_at"": ""2026-04-10 14:44:10"", ""currency_id"": 1, ""description"": ""Ford Tango dersi ücreti."", ""income_type_id"": 25, ""income_source_id"": 8}","2026-04-10 14:44:10","2026-04-10 14:44:10"
38,"App\Models\Expense",2442,created,1,"{""id"": 2442, ""tax"": ""0"", ""date"": ""2026-04-11 00:00:00"", ""price"": ""350"", ""total"": 350, ""quantity"": ""1"", ""created_at"": ""2026-04-11 04:33:01"", ""updated_at"": ""2026-04-11 04:33:01"", ""currency_id"": ""1"", ""description"": ""Orkidem için saksı ve toprak."", ""paid_by_others"": false, ""stakeholder_id"": null, ""company_expense"": false, ""expense_type_id"": ""21""}","2026-04-11 04:33:01","2026-04-11 04:33:01"
39,"App\Models\Expense",2443,created,1,"{""id"": 2443, ""tax"": ""0"", ""date"": ""2026-04-11 00:00:00"", ""price"": ""2437.23"", ""total"": 2437.23, ""quantity"": ""1"", ""created_at"": ""2026-04-11 04:33:36"", ""updated_at"": ""2026-04-11 04:33:36"", ""currency_id"": ""1"", ""description"": ""Market alışverişi."", ""paid_by_others"": false, ""stakeholder_id"": ""8"", ""company_expense"": false, ""expense_type_id"": ""8""}","2026-04-11 04:33:36","2026-04-11 04:33:36"
40,"App\Models\Expense",2444,created,1,"{""id"": 2444, ""tax"": ""0.00"", ""date"": ""2026-04-11 00:00:00"", ""price"": ""460.00"", ""total"": ""460.00"", ""quantity"": ""1.000"", ""created_at"": ""2026-04-11 09:15:01"", ""deleted_at"": null, ""updated_at"": ""2026-04-11 09:15:01"", ""currency_id"": 1, ""description"": ""Milonga giriş ücreti. Kartla çektikleri için 60₺ fark koydular."", ""paid_by_others"": 0, ""stakeholder_id"": 2, ""company_expense"": 0, ""expense_type_id"": 21}","2026-04-11 09:15:01","2026-04-11 09:15:01"
41,"App\Models\Expense",2444,updated,1,"{""date"": ""2026-04-08 00:00:00"", ""price"": ""400"", ""total"": 400, ""description"": ""Qerida giriş ücreti."", ""stakeholder_id"": null}","2026-04-11 09:15:28","2026-04-11 09:15:28"
42,"App\Models\Income",155,created,1,"{""id"": 155, ""date"": ""2026-04-13 00:00:00"", ""amount"": ""1000"", ""user_id"": 1, ""created_at"": ""2026-04-13 12:52:18"", ""updated_at"": ""2026-04-13 12:52:18"", ""currency_id"": ""1"", ""description"": ""Yılmaz abinin akrabasına tepebaşıı’nda kapı otomatiği işi"", ""income_type_id"": ""24"", ""income_source_id"": null}","2026-04-13 12:52:18","2026-04-13 12:52:18"
43,"App\Models\Income",156,created,1,"{""id"": 156, ""date"": ""2026-04-12 00:00:00"", ""amount"": ""10000"", ""user_id"": 1, ""created_at"": ""2026-04-13 12:53:33"", ""updated_at"": ""2026-04-13 12:53:33"", ""currency_id"": ""1"", ""description"": ""Akgül Çiftliği’nde elektrik tesisat temizlik ve aydınlatma montaj"", ""income_type_id"": ""24"", ""income_source_id"": null}","2026-04-13 12:53:33","2026-04-13 12:53:33"
44,"App\Models\Income",157,created,1,"{""id"": 157, ""date"": ""2026-04-12 00:00:00"", ""amount"": ""1250"", ""user_id"": 1, ""created_at"": ""2026-04-13 12:55:13"", ""updated_at"": ""2026-04-13 12:55:13"", ""currency_id"": ""1"", ""description"": ""Akgül Çiftliği’nde yapılan işin malzeme karı."", ""income_type_id"": ""7"", ""income_source_id"": ""9""}","2026-04-13 12:55:13","2026-04-13 12:55:13"
45,"App\Models\Income",158,created,1,"{""id"": 158, ""date"": ""2026-04-13 00:00:00"", ""amount"": ""23000"", ""user_id"": 1, ""created_at"": ""2026-04-13 12:56:15"", ""updated_at"": ""2026-04-13 12:56:15"", ""currency_id"": ""1"", ""description"": ""Köy altında yapılan elektrik eşi Mustafa Şenel’in evi."", ""income_type_id"": ""24"", ""income_source_id"": ""9""}","2026-04-13 12:56:15","2026-04-13 12:56:15"
46,"App\Models\Expense",2445,created,1,"{""id"": 2445, ""tax"": ""482.55"", ""date"": ""2026-04-15 00:00:00"", ""price"": ""2895.31"", ""total"": 3377.86, ""quantity"": ""1"", ""created_at"": ""2026-04-15 12:27:53"", ""updated_at"": ""2026-04-15 12:27:53"", ""currency_id"": ""1"", ""description"": ""45,95lt x 63,01₺"", ""paid_by_others"": false, ""stakeholder_id"": ""1"", ""company_expense"": true, ""expense_type_id"": ""1""}","2026-04-15 12:27:53","2026-04-15 12:27:53"
47,"App\Models\Expense",2446,created,1,"{""id"": 2446, ""tax"": ""0.00"", ""date"": ""2026-04-15 00:00:00"", ""price"": ""2085.00"", ""total"": ""2085.00"", ""quantity"": ""1.000"", ""created_at"": ""2026-04-15 12:33:47"", ""deleted_at"": null, ""updated_at"": ""2026-04-15 12:33:47"", ""currency_id"": 1, ""description"": ""Babil'in en zengin insanı kitabından esinlenerek gelirlerimin 10'da 1'ini ayırdığım hesaba transfer."", ""paid_by_others"": 0, ""stakeholder_id"": null, ""company_expense"": 0, ""expense_type_id"": 16}","2026-04-15 12:33:47","2026-04-15 12:33:47"
48,"App\Models\Expense",2446,updated,1,"{""date"": ""2026-04-13 00:00:00"", ""price"": ""3525"", ""total"": 3525}","2026-04-15 12:34:37","2026-04-15 12:34:37"
49,"App\Models\Expense",2447,created,1,"{""id"": 2447, ""tax"": ""0.00"", ""date"": ""2026-04-15 00:00:00"", ""price"": ""1947.01"", ""total"": ""1947.01"", ""quantity"": ""1.000"", ""created_at"": ""2026-04-15 12:36:15"", ""deleted_at"": null, ""updated_at"": ""2026-04-15 12:36:15"", ""currency_id"": 1, ""description"": ""otomatik yatırım."", ""paid_by_others"": 0, ""stakeholder_id"": null, ""company_expense"": 0, ""expense_type_id"": 16}","2026-04-15 12:36:15","2026-04-15 12:36:15"
50,"App\Models\Expense",2447,updated,1,"{""date"": ""2026-04-13 00:00:00"", ""price"": ""1820"", ""total"": 1820}","2026-04-15 12:36:27","2026-04-15 12:36:27"
51,"App\Models\Expense",2448,created,1,"{""id"": 2448, ""tax"": ""0.00"", ""date"": ""2026-04-15 00:00:00"", ""price"": ""1820.00"", ""total"": ""1820.00"", ""quantity"": ""1.000"", ""created_at"": ""2026-04-15 12:37:38"", ""deleted_at"": null, ""updated_at"": ""2026-04-15 12:37:38"", ""currency_id"": 1, ""description"": ""otomatik yatırım."", ""paid_by_others"": 0, ""stakeholder_id"": null, ""company_expense"": 0, ""expense_type_id"": 16}","2026-04-15 12:37:38","2026-04-15 12:37:38"
52,"App\Models\Expense",2448,updated,1,"{""date"": ""2026-04-06 00:00:00""}","2026-04-15 12:37:46","2026-04-15 12:37:46"
53,"App\Models\Expense",2447,updated,1,"{""stakeholder_id"": ""9""}","2026-04-15 12:39:03","2026-04-15 12:39:03"
54,"App\Models\Expense",2448,updated,1,"{""stakeholder_id"": ""9""}","2026-04-15 12:39:14","2026-04-15 12:39:14"
55,"App\Models\Expense",2446,updated,1,"{""stakeholder_id"": ""11""}","2026-04-15 12:40:45","2026-04-15 12:40:45"
56,"App\Models\Expense",2441,updated,1,"{""stakeholder_id"": ""11""}","2026-04-15 12:41:01","2026-04-15 12:41:01"
57,"App\Models\Expense",2444,updated,1,"{""stakeholder_id"": ""10""}","2026-04-15 12:41:13","2026-04-15 12:41:13"
58,"App\Models\Expense",2445,updated,1,"{""date"": ""2026-04-13 00:00:00"", ""stakeholder_id"": null}","2026-04-15 12:41:51","2026-04-15 12:41:51"
59,"App\Models\Expense",2445,updated,1,"{""stakeholder_id"": ""1""}","2026-04-15 12:42:23","2026-04-15 12:42:23"
60,"App\Models\Expense",2449,created,1,"{""id"": 2449, ""tax"": ""0.00"", ""date"": ""2026-04-15 00:00:00"", ""price"": ""400.00"", ""total"": ""400.00"", ""quantity"": ""1.000"", ""created_at"": ""2026-04-15 17:46:08"", ""deleted_at"": null, ""updated_at"": ""2026-04-15 17:46:08"", ""currency_id"": 1, ""description"": ""Qerida giriş ücreti."", ""paid_by_others"": 0, ""stakeholder_id"": 10, ""company_expense"": 0, ""expense_type_id"": 21}","2026-04-15 17:46:08","2026-04-15 17:46:08"
61,"App\Models\Expense",2449,updated,1,"{""stakeholder_id"": null}","2026-04-15 17:46:15","2026-04-15 17:46:15"
62,"App\Models\Expense",2450,created,1,"{""id"": 2450, ""tax"": ""0"", ""date"": ""2026-04-17 00:00:00"", ""price"": ""107"", ""total"": 107, ""quantity"": ""1"", ""created_at"": ""2026-04-17 09:55:38"", ""updated_at"": ""2026-04-17 09:55:38"", ""currency_id"": ""1"", ""description"": ""Aburcubur."", ""paid_by_others"": false, ""stakeholder_id"": null, ""company_expense"": false, ""expense_type_id"": ""8""}","2026-04-17 09:55:38","2026-04-17 09:55:38"
63,"App\Models\Expense",2451,created,1,"{""id"": 2451, ""tax"": ""0"", ""date"": ""2026-04-17 00:00:00"", ""price"": ""504.99"", ""total"": 504.99, ""quantity"": ""1"", ""created_at"": ""2026-04-17 09:56:59"", ""updated_at"": ""2026-04-17 09:56:59"", ""currency_id"": ""1"", ""description"": ""Değişimlik spor ayakkabı."", ""paid_by_others"": false, ""stakeholder_id"": ""12"", ""company_expense"": false, ""expense_type_id"": ""8""}","2026-04-17 09:56:59","2026-04-17 09:56:59"
64,"App\Models\Expense",2452,created,1,"{""id"": 2452, ""tax"": ""0"", ""date"": ""2026-04-16 00:00:00"", ""price"": ""308.55"", ""total"": 308.55, ""quantity"": ""1"", ""created_at"": ""2026-04-17 09:58:01"", ""updated_at"": ""2026-04-17 09:58:01"", ""currency_id"": ""1"", ""description"": ""Market alışverişi"", ""paid_by_others"": false, ""stakeholder_id"": ""13"", ""company_expense"": false, ""expense_type_id"": ""8""}","2026-04-17 09:58:01","2026-04-17 09:58:01"
65,"App\Models\Expense",2449,updated,1,"{""stakeholder_id"": ""10""}","2026-04-17 09:58:22","2026-04-17 09:58:22"
66,"App\Models\Income",159,created,1,"{""id"": 159, ""date"": ""2026-04-19 00:00:00"", ""amount"": ""6000"", ""user_id"": 1, ""created_at"": ""2026-04-19 12:00:51"", ""updated_at"": ""2026-04-19 12:00:51"", ""currency_id"": ""1"", ""description"": ""Babamla Akbulut Çiftliği’nde çalıştığımız işin yevmiyesi."", ""income_type_id"": ""24"", ""income_source_id"": ""9""}","2026-04-19 12:00:51","2026-04-19 12:00:51"
67,"App\Models\Income",160,created,1,"{""id"": 160, ""date"": ""2026-04-19 00:00:00"", ""amount"": ""100"", ""user_id"": 1, ""created_at"": ""2026-04-19 12:01:14"", ""updated_at"": ""2026-04-19 12:01:14"", ""currency_id"": ""1"", ""description"": ""Anten ayarlama ücreti"", ""income_type_id"": ""16"", ""income_source_id"": ""9""}","2026-04-19 12:01:14","2026-04-19 12:01:14"
68,"App\Models\Expense",2453,created,1,"{""id"": 2453, ""tax"": ""0.00"", ""date"": ""2026-04-19 00:00:00"", ""price"": ""1820.00"", ""total"": ""1820.00"", ""quantity"": ""1.000"", ""created_at"": ""2026-04-19 12:01:41"", ""deleted_at"": null, ""updated_at"": ""2026-04-19 12:01:41"", ""currency_id"": 1, ""description"": ""otomatik yatırım."", ""paid_by_others"": 0, ""stakeholder_id"": 9, ""company_expense"": 0, ""expense_type_id"": 16}","2026-04-19 12:01:41","2026-04-19 12:01:41"
69,"App\Models\Expense",2453,updated,1,"{""stakeholder_id"": null}","2026-04-19 12:01:48","2026-04-19 12:01:48"
70,"App\Models\Expense",2454,created,1,"{""id"": 2454, ""tax"": ""0.00"", ""date"": ""2026-04-19 00:00:00"", ""price"": ""150.00"", ""total"": ""150.00"", ""quantity"": ""1.000"", ""created_at"": ""2026-04-19 12:02:18"", ""deleted_at"": null, ""updated_at"": ""2026-04-19 12:02:18"", ""currency_id"": 1, ""description"": ""Babil'in en zengin insanı kitabından esinlenerek gelirlerimin 10'da 1'ini ayırdığım hesaba transfer."", ""paid_by_others"": 0, ""stakeholder_id"": null, ""company_expense"": 0, ""expense_type_id"": 16}","2026-04-19 12:02:18","2026-04-19 12:02:18"
71,"App\Models\Expense",2454,updated,1,"{""price"": ""900"", ""total"": 900, ""stakeholder_id"": ""11""}","2026-04-19 12:02:38","2026-04-19 12:02:38"
72,"App\Models\Expense",2455,created,1,"{""id"": 2455, ""tax"": ""178.45"", ""date"": ""2026-04-19 00:00:00"", ""price"": ""1963"", ""total"": 2141.45, ""quantity"": ""1"", ""created_at"": ""2026-04-20 09:21:34"", ""updated_at"": ""2026-04-20 09:21:34"", ""currency_id"": ""1"", ""description"": ""Filiz'in doğum günü için boşveer ekibine akşam yemeği burger ısmarladım. (White Burger)"", ""paid_by_others"": false, ""stakeholder_id"": ""14"", ""company_expense"": true, ""expense_type_id"": ""2""}","2026-04-20 09:21:34","2026-04-20 09:21:34"
73,"App\Models\Expense",2453,updated,1,"{""stakeholder_id"": ""9""}","2026-04-20 09:24:44","2026-04-20 09:24:44"
74,"App\Models\Expense",2456,created,1,"{""id"": 2456, ""tax"": ""500.04"", ""date"": ""2026-04-20 00:00:00"", ""price"": ""3000.25"", ""total"": 3500.29, ""quantity"": ""1"", ""created_at"": ""2026-04-20 20:21:41"", ""updated_at"": ""2026-04-20 20:21:41"", ""currency_id"": ""1"", ""description"": ""47,54lt x 63,11₺"", ""paid_by_others"": false, ""stakeholder_id"": ""15"", ""company_expense"": true, ""expense_type_id"": ""1""}","2026-04-20 20:21:41","2026-04-20 20:21:41"
75,"App\Models\Expense",2457,created,1,"{""id"": 2457, ""tax"": ""36.67"", ""date"": ""2026-04-20 00:00:00"", ""price"": ""220"", ""total"": 256.67, ""quantity"": ""1"", ""created_at"": ""2026-04-20 20:25:22"", ""updated_at"": ""2026-04-20 20:25:22"", ""currency_id"": ""1"", ""description"": ""2 Çıkmaz kalem."", ""paid_by_others"": false, ""stakeholder_id"": ""16"", ""company_expense"": true, ""expense_type_id"": ""29""}","2026-04-20 20:25:22","2026-04-20 20:25:22"
76,"App\Models\Expense",2458,created,1,"{""id"": 2458, ""tax"": ""35.91"", ""date"": ""2026-04-20 00:00:00"", ""price"": ""395"", ""total"": 430.91, ""quantity"": ""1"", ""created_at"": ""2026-04-20 20:30:02"", ""updated_at"": ""2026-04-20 20:30:02"", ""currency_id"": ""1"", ""description"": ""Babamla akşam yemeği. Babam ödedi."", ""paid_by_others"": true, ""stakeholder_id"": null, ""company_expense"": true, ""expense_type_id"": ""2""}","2026-04-20 20:30:02","2026-04-20 20:30:02"
77,"App\Models\Expense",2458,updated,1,"{""stakeholder_id"": ""17""}","2026-04-20 20:30:15","2026-04-20 20:30:15"
78,"App\Models\Expense",2451,updated,1,"{""date"": ""2026-04-16 00:00:00"", ""stakeholder_id"": ""18""}","2026-04-20 20:38:00","2026-04-20 20:38:00"
79,"App\Models\Expense",2459,created,1,"{""id"": 2459, ""tax"": ""0"", ""date"": ""2026-04-20 00:00:00"", ""price"": ""13109.03"", ""total"": 13109.03, ""quantity"": ""1"", ""created_at"": ""2026-04-20 23:58:44"", ""updated_at"": ""2026-04-20 23:58:44"", ""currency_id"": ""1"", ""description"": null, ""paid_by_others"": false, ""stakeholder_id"": null, ""company_expense"": true, ""expense_type_id"": ""8""}","2026-04-20 23:58:44","2026-04-20 23:58:44"
80,"App\Models\Expense",2459,updated,1,"{""expense_type_id"": ""14""}","2026-04-20 23:59:00","2026-04-20 23:59:00"
81,"App\Models\Income",161,created,1,"{""id"": 161, ""date"": ""2026-04-21 00:00:00"", ""amount"": ""2000"", ""user_id"": 1, ""created_at"": ""2026-04-21 12:09:44"", ""updated_at"": ""2026-04-21 12:09:44"", ""currency_id"": ""1"", ""description"": ""Bahçeköy Plus Tiny House'larda bir sayaç montajı."", ""income_type_id"": ""24"", ""income_source_id"": null}","2026-04-21 12:09:44","2026-04-21 12:09:44"
82,"App\Models\Expense",2460,created,1,"{""id"": 2460, ""tax"": ""0.00"", ""date"": ""2026-04-21 00:00:00"", ""price"": ""900.00"", ""total"": ""900.00"", ""quantity"": ""1.000"", ""created_at"": ""2026-04-21 12:25:49"", ""deleted_at"": null, ""updated_at"": ""2026-04-21 12:25:49"", ""currency_id"": 1, ""description"": ""Babil'in en zengin insanı kitabından esinlenerek gelirlerimin 10'da 1'ini ayırdığım hesaba transfer."", ""paid_by_others"": 0, ""stakeholder_id"": 11, ""company_expense"": 0, ""expense_type_id"": 16}","2026-04-21 12:25:49","2026-04-21 12:25:49"
83,"App\Models\Expense",2460,updated,1,"{""price"": ""250"", ""total"": 250, ""stakeholder_id"": null}","2026-04-21 12:25:54","2026-04-21 12:25:54"
84,"App\Models\Expense",2460,updated,1,"{""stakeholder_id"": ""11""}","2026-04-21 12:26:02","2026-04-21 12:26:02"
85,"App\Models\Expense",2461,created,1,"{""id"": 2461, ""tax"": ""0"", ""date"": ""2026-04-21 00:00:00"", ""price"": ""799.74"", ""total"": 799.74, ""quantity"": ""1"", ""created_at"": ""2026-04-22 11:17:45"", ""updated_at"": ""2026-04-22 11:17:45"", ""currency_id"": ""1"", ""description"": ""Market alışverişi."", ""paid_by_others"": false, ""stakeholder_id"": ""8"", ""company_expense"": false, ""expense_type_id"": ""8""}","2026-04-22 11:17:45","2026-04-22 11:17:45"
86,"App\Models\Expense",2462,created,1,"{""id"": 2462, ""tax"": ""97.73"", ""date"": ""2026-04-22 00:00:00"", ""price"": ""1075"", ""total"": 1172.73, ""quantity"": ""1"", ""created_at"": ""2026-04-22 16:43:32"", ""updated_at"": ""2026-04-22 16:43:32"", ""currency_id"": ""1"", ""description"": ""Nazlı ile Maide'de kahvaltı."", ""paid_by_others"": false, ""stakeholder_id"": ""20"", ""company_expense"": true, ""expense_type_id"": ""8""}","2026-04-22 16:43:32","2026-04-22 16:43:32"
