id,owner,adage,keywords,language,created_at,updated_at
1,"Mahir Yıldızhan","Farkına var, dengeyi bul, değer üret.","Yaşam, Farkındalık",1,"2022-05-02 20:33:03","2022-05-02 20:33:03"
2,"Gabriel Garcí­a Márquez","Kimse senin gözyaşlarını hak etmiyor hak eden seni ağlatmaz zaten.",Farkındalık,1,"2022-05-02 20:33:03","2022-05-02 20:33:03"
3,Anonim,"İnanç, görünmeyene inanmaktır. Görünmeyene inanırsanız, başkalarının görmediklerini görürsünüz.","Yaşam, İnanç",1,"2022-05-02 20:33:03","2022-05-02 20:33:03"
5,Anonim,"Yıldızlara dokunamazsınız, ama karanlık gecelerde onlar size yol gösterir.","Yaşam, Amaç, Hedef",1,"2022-05-02 20:33:03","2022-05-02 20:33:03"
6,"Jacques A. Bertrand","Hayat bir panayırdır; biraz hüzünlü, biraz neşeli, biraz tehlikeli,biraz cömert, biraz tesadüfi, biraz kırık.",Yaşam,1,"2022-05-02 20:33:03","2022-05-02 20:33:03"
8,"Charlie Chaplin","Gülmek hayatın en güzel eylemidir. Ve her ne varsa sizi bundan alıkoyan, onları yok edin.","Yaşam, Mutluluk",1,"2022-05-02 20:33:03","2022-05-02 20:33:03"
9,"Hz. Muhammed (s.a.v.) (Buhârî, Rikâk, 1)","İki nimet vardır ki insanların çoğu onlar(ı değerlendirme) hususunda aldanmıştır: Sağlık ve boş vakit.","zaman, sağlık, farkındalık,",1,"2022-05-02 20:33:03","2022-05-02 20:33:03"
10,"Walter Scott","Son uyku mu? Hayır, ölüm son uyanıştır.","yaşam, ölüm, uyku, uyanış",1,"2022-05-02 20:33:03","2022-05-02 20:33:03"
12,"Friedrich Nietzsche","Öyle kolay bir saat değildir uyumak; onun uğruna, bütün gün uyanık durmak gerekir.","uyku, verimlilik, gün, uyanmak",1,"2022-05-02 20:33:03","2022-05-02 20:33:03"
13,"Albert Einstein","Uyku sorunu zeki insanların lanetidir.","uyku, zeka",1,"2022-05-02 20:33:03","2022-05-02 20:33:03"
14,"Sâdi Carnot","Uyanık bir tek adam, uyuyan yüz bin kişiden daha kuvvetlidir.","uyku, uyanıklık, aydınlanma, kuvvet",1,"2022-05-02 20:33:03","2022-05-02 20:33:03"
16,"Andre Gide","En güzel uyku bile, uyanılan anın değerine ulaşamaz.","uyku, uyanmak, değer",1,"2022-05-02 20:33:03","2022-05-02 20:33:03"
20,Anonim,"Öldüğüm zaman mezar taşında ""Ücretsiz Wifi"" yazmasını istiyorum; böylece insanlar ziyaretime daha sık gelebilir.","Bilinç, Düşünce, Farkındalık, Gelecek, Varoluş, Yaşam, İletişim, İnanç",1,"2022-05-02 20:33:03","2022-05-02 20:33:03"
25,Aristoteles,"Bir fikri kabul etmeden onunla oyalanmak eğitimli bir zihnin işaretidir.","Bilgelik, Bilinç, Farkındalık",1,"2022-05-02 20:33:03","2022-05-02 20:33:03"
27,Kanada,"Sebep, oluşun nedenidir.","Neden, Varoluş",1,"2022-05-02 20:33:03","2022-05-02 20:33:03"
28,Kanada,"Mutlak bir dinlenme haline çekilemiyorsam, hareketin doğasına zincirlenmiş durumdayım.","Farkındalık, Hareket, Yaşam",1,"2022-05-02 20:33:03","2022-05-02 20:33:03"
29,"Oscar Wilde","Dostun üzüntüsüne acı duyabilirsin. Bu kolaydır; ama dostun başarısına sempati duyabilmek, sağlam bir karakter gerektirir.","Dürüstlük, Fedakarlık, Mutluluk",1,"2022-05-02 20:33:03","2022-05-02 20:33:03"
31,"Mevlânâ Celâleddîn-i Rûmî","Kusur arıyorsan tüm aynalar senin.","Farkındalık, Mutluluk",1,"2022-05-02 20:33:03","2023-03-15 18:00:26"
32,"Walter Lippmann","Herkes aynı şeyi düşünüyorsa, hiç kimse bir şey düşünmüyor demektir.","Farkındalık, Gelişim, Yaşam",1,"2022-05-02 20:33:03","2022-05-02 20:33:03"
33,"Bill Nye","Tanıştığın herkes senin bilmediğin bir şey biliyor.","Bilgelik, Farkındalık, Merak",1,"2022-05-02 20:33:03","2022-05-02 20:33:03"
34,Epiktetos,"İki kulağımız ve sadece bir ağzımız vardır, o yüzden bir konuşup iki dinlemeliyiz.","Bilgelik, Farkındalık, İletişim",1,"2022-05-02 20:33:03","2022-05-02 20:33:03"
35,"Mark Twain","Gerçeği söylersen, aklında bir şey tutmana gerek kalmaz.","Dürüstlük, Mutluluk",1,"2022-05-02 20:33:03","2022-05-02 20:33:03"
36,"Marshall B. Rosenberg","Haklı olmayı mı tercih edersin, mutlu olmayı mı?","Bilgelik, Mutluluk, İletişim",1,"2022-05-02 20:33:03","2022-05-02 20:33:03"
37,"Konrad Lorenz","Düşünce her zaman söylenmez, söylenenler her zaman duyulmaz. Duyulan, her zaman anlaşılmaz, anlaşılan her zaman kabul edilmez. Kabul edilen her zaman yapılmaz, yapılan her zaman tekrar edilmez.",İletişim,1,"2022-05-02 20:33:03","2022-05-02 20:33:03"
38,"Fyodor Dostoyevski","Korkunun doğuracağı ilk şey, yalandır.","Cesaret, Korku, Yaşam",1,"2022-05-02 20:33:03","2022-05-02 20:33:03"
39,"Winston Churchill","Çene çalmak her zaman savaşmaktan daha iyidir.","Barış, İletişim",1,"2022-05-02 20:33:03","2022-05-02 20:33:03"
40,"Frederick Douglass","Sorunlu insanları düzeltmek yerine, güçlü çocuklar yetiştirmek daha kolaydır.","Amaç, Gelecek, Yaşam",1,"2022-05-02 20:33:04","2022-05-02 20:33:04"
41,"Daniel Kahneman","Yaşamdaki hiçbir şey, siz onu düşünürken düşündüğünüz kadar önemli değildir.","Bilgelik, Düşünce, Gelecek, Mutluluk, Yaşam",1,"2022-05-02 20:33:04","2022-05-02 20:33:04"
42,"Marshall McLuhan","Biz aygıtları şekillendirirken, onlar da bizi şekillendirir.","Farkındalık, Gelecek, Gelişim, Yaşam",1,"2022-05-02 20:33:04","2022-05-02 20:33:04"
43,"Spellbound (Alfred Hitchcock 1945)","Kadınlar, aşık olana dek en iyi psikiyatristtirler. Aşık olduktan sonra da en iyi hasta olurlar.","Bilgelik, Erkek, Gelecek, Kadın, Yaşam",1,"2022-05-02 20:33:04","2022-05-02 20:33:04"
44,"Elfriede Jelinek","Açılış cümleleri umurumda bile değil. İlgimi çeken tek şey kapanış cümlesi. Okuyucu yatağına bu cümleyle gider.","Bağlılık, Bağımlılık, Heyecan",1,"2022-05-02 20:33:04","2022-05-02 20:33:04"
45,"Orhan Veli Bütün Şiirleri syf. 29","Tarihin beğenerek andığı insanlar daima dönüm noktalarında bulunanlardır.",,1,"2022-05-02 20:33:04","2022-05-02 20:33:04"
46,"Rus Atasözü","İki tavşanı kovalayan kişi, hiç birini yakalayamaz.","Bilgelik, Farkındalık, Gelecek, Odak",1,"2022-05-02 20:33:04","2022-05-02 20:33:04"
47,"İletişim Kitabı, sayfa 65","İnsanlar sizinle konuştuklarını unuturlar, ama sizin varlığınızın nasıl hissettirdiğini unutmazlar.","Farkındalık, İletişim",1,"2022-05-02 20:33:04","2022-05-02 20:33:04"
48,"Lewis Carroll / Alice Harikalar Diyarında","Nereye gideceğini bilmiyorsan, hangi yoldan gittiğinin hiç bir önemi yok.","Amaç, Bilgelik, Hedef, Yaşam",1,"2022-05-02 20:33:04","2022-05-02 20:33:04"
49,"Benjamin Franklin","İyi bir savaş veya kötü bir barış hiç olmamıştır.","savaş, barış, iyi, kötü",1,"2022-07-19 16:03:52","2022-07-19 16:03:52"
50,Pisagor,"İnsanlar hayvanları öldürüp yedikçe, dünya üzerinden cinayet, kan dökme ve savaşlar kalkmayacaktır.","savaş, cinayet, vegan, hayvan hakları",1,"2022-08-22 07:17:52","2022-08-22 07:17:52"
51,"A. C. Grayling","Dünyanın nasıl olduğu değildir gizemli olan; olduğudur.","varoluş, dünya, gizem",1,"2022-08-22 07:34:41","2022-08-22 07:34:41"
52,"A. J. Cronin","Acı olan mutlu olmamak değil, mutlu olabilecekken olamamaktır.","acı, mutluluk, imkan",1,"2022-08-22 07:35:31","2022-08-22 07:35:31"
53,"Aamir Khan","Kalbinde gerçek inanç ve cesareti olan her zaman kazanır.","cesaret, inan, kazanç",1,"2022-08-22 07:37:38","2022-08-22 07:37:38"
54,"Aaron Allston","Trajedi ile komedinin farkı: Trajedi, bizim başımıza gelen, komedi başkalarının başına gelen korkunç şeydir.","mutluluk, trajedi, komedi, korku",1,"2022-08-22 07:38:52","2022-08-22 07:38:52"
55,"Vincent van Gogh","Sevgi insan yüreğindeki en iyi ve en soylu şeydir.","sevgi, insan, yürek, iyilik",1,"2022-09-04 17:54:53","2022-09-04 17:54:53"
56,"Nikola Tesla","Fikrimi çalmaları mühim değil. Asıl mühim olan kendi fikirlerinin olmaması.","fikir, özgünlük, yaratıcılık",1,"2022-09-06 09:30:20","2022-09-06 09:30:20"
57,"Şems-i Tebrizi","Senin gönlün değişirse dünya değişir.","değişim, yol, bakış açısı",1,"2022-09-12 09:16:48","2022-09-12 09:16:48"
58,"Dorothy E. Siminovitch","Eylemsiz farkındalık, pişmanlıktır.","farkındalık, eylem, pişmanlık",1,"2022-09-25 12:11:56","2022-09-25 12:11:56"
59,"Mahir Yıldızhan","Bir kere garip hissettin mi bir daha normal hissetmenin yolu yok. Çünkü farkında olmadığın normal hissetmenin bekareti bozulmuştur.","farkındalık, normal, garip, hissetmek",1,"2022-09-26 09:34:56","2022-09-26 09:34:56"
60,"Mahir Yıldızhan","Kitaplar, zamanda ve mekanda yolculuk yapmanın bilinen tek yoludur.","kitap, okumak, zaman, hayal gücü",1,"2022-09-26 12:26:20","2022-09-26 12:26:20"
61,"Sophokles, Antigone","Anlayışlı olmak, mutluluğun ana parçasıdır.","mutluluk, anlayış, yaşam",1,"2022-09-27 06:31:48","2022-09-27 06:31:48"
62,Aristoteles,"Aklı başında kişi hoş olanın değil, acı vermeyenin peşindedir.","mutluluk, acı, yaşam",1,"2022-09-27 06:39:46","2022-09-27 06:39:46"
63,Seneca,"Başkasının mutlu olması seni rahatsız ediyorsa asla mutlu olamazsın.","kıskançlık, mutluluk",1,"2022-09-27 06:45:15","2022-09-27 06:45:15"
64,Seneca,"Önünde ne çok kimsenin olduğunu görürsen ne çok kimsenin de arkanda olduğunu düşün.","kıskançlık, mutluluk, ahlak",1,"2022-09-27 06:46:58","2022-09-27 06:46:58"
65,"Yunus Emre","Bölüşürsek tok oluruz, bölünürsek yok oluruz.","paylaşmak, iyilik, kuvvet",1,"2022-11-05 21:18:55","2022-11-05 21:18:55"
66,Seneca,"Kıyıyı gözden kaybetmeye cesaret edemeyince, insan okyanusu keşfedemez.","özgürlük, sınırlar, farkındalık, cesaret",1,"2022-11-14 12:37:39","2022-11-14 12:37:39"
67,"Cemal Süreya","Özlemek erken saatlere alınsın. Sonra uykusuz kalıyor insan.","özlem, uyku, uykusuzluk, gece",1,"2022-12-01 19:18:52","2022-12-01 19:18:52"
68,Seneca,"Erdemsiz bir mutluluk olamaz.","Erdem, mutluluk,",1,"2022-12-06 18:20:13","2022-12-06 18:20:13"
69,"Marcel Proust","Bizleri mutlu eden insanlara şükran duyalım çünkü onlar ruhumuzda çiçekler açtıran büyüleyici bahçıvanlardır.","mutluluk, dostluk, arkadaşlık, şükran",1,"2022-12-06 18:37:31","2022-12-06 18:37:31"
70,"Boethius, Felsefenin Tesellisi","Siz öyle düşünmediğiniz sürece hiçbir şey acınası değildir ve siz ondan memnun olmadığınız sürece hiçbir şey mutluluk getiremez.","mutluluk, algı, düşünce, acınası, memnuniyet",1,"2022-12-06 19:01:40","2022-12-06 19:01:40"
71,"Mahatma Gandhi","Mutluluk; düşündüğün, söylediğin ve yaptığının uyum içinde olmasıdır.","mutluluk, uyum, söz, eylem",1,"2022-12-06 19:13:56","2022-12-06 19:13:56"
72,"İskoç Atasözü","Çocuklar dudaklarınızı değil, ayaklarınızı izlerler.","taklit, yeni jenerasyon, çocuk, rol model",1,"2022-12-12 05:37:11","2022-12-12 05:37:11"
73,"Mevlânâ Celâleddîn-i Rûmî","İnsanın değeri, aradığı şeydir.","amaç, erdem, değer, arayış",1,"2022-12-13 17:34:14","2023-03-15 18:00:36"
74,"Mevlânâ Celâleddîn-i Rûmî","Doğrudan nasihat, kişiyi yaralar.","nasihat, yara, söz, eylem",1,"2022-12-13 17:36:00","2023-03-15 18:01:19"
75,"Gabriel Garcia Marquez","İlaçlar, mutluluğun çözemediği hiçbir şeyi çözemez.","ilaç, mutluluk, tedavi, hastalık",1,"2022-12-20 15:30:03","2022-12-20 15:30:03"
76,"Sigmund Freud","Mutluluğu ararken ona ilk rastladığımız rotada ısrarcı olmamızdan daha doğal ne vardır?","mutluluk, arayış, rota",1,"2022-12-20 15:33:18","2022-12-20 15:33:18"
77,"Alfred Adler","Mutluluk, zorluklara karşı kazanılan zaferin dışavurumu dur.","mutluluk, dışavurum, zorluk, zafer",1,"2022-12-23 20:48:38","2022-12-23 20:48:38"
78,"Virginia Woolf (Dalgalar)","Mutluluk son derece sıradan şeylerdedir. Bir masada, sandalyede, sayfaları arasına kağıt bıçağı sıkıştırılmış bir kitapta... Gülün düşen taç yaprağında, biz sessizce otururken titreşen ışıkta yahut belki de aklımıza düşen önemsiz şeylerde ve aniden onlardan bahsetmemizde...","mutluluk, basit, sıradan, kitap, gül",1,"2022-12-23 20:55:28","2022-12-23 20:55:28"
79,"Friedrich Wilhelm Nietzsche","Yaşamak için bir nedeni olan kişi, her türlü nasıla dayanabilir.","amaç, mutluluk, hayat amacı, neden, kişi, nasıl",1,"2022-12-24 10:46:53","2022-12-24 10:46:53"
80,"Mevlânâ Celâleddîn-i Rûmî","Yesterday I was clever, so I wanted to change the world. Today I am wise, so I am changing myself.","wise, clever,",2,"2022-12-27 17:20:50","2023-03-15 18:00:50"
81,"Mevlânâ Celâleddîn-i Rûmî","Dün akıllıydım, dünyayı değiştirmek istedim. Bugün bilgeyim, kendimi değiştiriyorum.","bilgelik, değişim, arzu, geçmiş, bugün, kendi",1,"2022-12-27 17:21:55","2023-03-15 18:00:14"
82,"Albius Tibullus","Teklikte, kendine çokluk ol. Yanında kimse olmadığında, benliğine kalabalık ol.","yanlızlık, kalabalık, teklik, arkadaş",1,"2023-01-03 14:58:33","2023-01-03 14:58:33"
83,"Albert Einstein","Önyargıyı yıkmak, atomu parçalamaktan daha zor.","önyargı, zorluk, mücadele",1,"2023-01-04 14:32:55","2023-01-04 14:33:33"
84,"Barış Manço","İnsanın öğrenmesi gereken ilk dil tatlı dildir.","iyilik, dil, insan",1,"2023-01-04 14:34:47","2023-01-04 14:34:47"
85,Montaigne,"Kral da, dilenci de aynı iştahla acıkırlar.","açlık, iştah, eşitlik, zenginlik, fakirlik",1,"2023-01-04 14:39:35","2023-01-04 14:39:35"
86,Konfüçyus,"Gerçeği bilenler ile onu sevenler hiçbir zaman eşit değildirler.","gerçek, bilgelik, eşitlik, sevgi",1,"2023-01-04 14:41:37","2023-01-04 14:41:37"
87,"İsmet Özel","İnsan için önüne çıkan bütün yollar ""yürünebilir"" yollar ise, o insan artık kaybolmuştur.","yol, yolculuk, yürümek, kaybolmak",1,"2023-01-07 15:37:09","2023-01-07 15:37:09"
88,"Türk atasözü","Çağrıldığın yere git, ar eyleme; çağrılmadığın yere gidip yerini dar eyleme.","çağrı, ar, utanma, gitmek, eylemek, yol",1,"2023-01-07 15:38:56","2023-01-07 15:38:56"
89,"Douglas Adams","Bir kitap yazmamak inanılmaz zaman alıyor.","kitap, yazmak, zaman",1,"2023-01-07 15:44:58","2023-01-07 15:44:58"
90,"Friedrich Wilhelm Nietzsche","Bir insan dünyadan vazgeçip, kasıtlı olarak yalnızlık içinde yaşarsa, diğerleriyle olan ilişkisini, nadir olarak yararlandığı özel bir zevk olarak görmeye başlayabilir.","yalnızlık, insan, toplum, zevk",1,"2023-01-07 21:12:03","2023-01-07 21:12:03"
91,"George Orwell","İnsan sevilmekten çok anlaşılmayı istiyordu belki de.","sevgi, insan, anlaşılmak, istek",1,"2023-01-09 10:58:48","2023-01-09 10:58:48"
92,"Victor Hugo","Gençliğe, yaşlılıktan çok hürmet etmeliyiz.","gençlik, yaşlılık",1,"2023-01-10 07:43:05","2023-01-10 07:43:05"
93,"Mevlânâ Celâleddîn-i Rûmî","Sabır, demir kalkandır.","sabır, kuvvet, güç, dayanıklılık",1,"2023-01-10 07:45:26","2023-03-15 18:03:29"
94,"Mevlânâ Celâleddîn-i Rûmî","Bir mum, başka bir muma ışık vermekle ışığından bir şey kaybetmez.","Işık, mum, paylaşmak, bilgi, bilge",1,"2023-01-24 16:45:54","2023-03-15 18:01:06"
95,Platon,"Bilirken susmak, bilmezken konuşmak kadar çirkindir.","bilmek, susmak, suç, suçlu",1,"2023-01-24 17:14:26","2023-01-24 17:14:26"
96,"Ludwig Wittgenstein","Dilimin sınırları, dünyamın sınırlarıdır.","sınır, vizyon, konuşmak, olumlama",1,"2023-02-18 11:34:34","2023-02-18 11:34:34"
97,"Mevlânâ Celâleddîn-i Rûmî","Ayıpsız dost arayan, dostsuz kalır.","dost, ayıp, kusur, aramak",1,"2023-02-18 11:49:26","2023-02-18 11:49:26"
98,"Şems-i Tebrizi","Sevmeyene karınca yük, sevene filler karınca. Dağı bile taşır insan aşık olup inanınca.","inanç, yük, emek, karınca, fil",1,"2023-03-14 17:32:36","2023-03-14 17:32:36"
99,"Ray Bradbury","Kitapları yakmaktan daha kötü suçlar vardır. Bunlardan biri okumamaktır.","kitap, okumak",1,"2023-03-20 10:12:37","2023-03-20 10:12:37"
100,"Elliott Larson","Öfke her zaman hüsranla sonuçlanan beklentilerden gelir.","öfke, beklenti",1,"2023-03-20 10:25:44","2023-03-20 10:25:44"
101,"Aziz Nesin","Biz mağlup olduk efendim. Çirkinliğe, kabalığa, bayağılığa mağlup olduk.","çirkinlik, kabalık, bayağılık, değişim",1,"2023-03-24 04:05:27","2023-03-24 04:05:27"
102,"Mustafa Kemal Atatürk","Vatanını en çok seven, görevini en iyi yapandır.","çalışkanlık, vatan, sevgi, görev",1,"2023-05-11 10:58:30","2023-05-11 10:58:30"
103,"Morris West","Tüm hayatınızı fırtınayı beklemekle geçirirseniz, hiçbir zaman günışığının tadını çıkaramazsınız.","tutum, fırtına, yaşam,",1,"2023-05-12 12:46:37","2023-05-12 12:46:37"
105,"Vincent van Gogh","Sözcüklere gerek kalmadan beni anlayacaklarını sandım.","anlam, anlaşılmak, yaşam",1,"2023-05-13 20:52:16","2023-05-13 20:52:16"
106,Voltaire,"Mükemmel iyinin düşmanıdır.","mükemmellik, iyi, düşman, voltaire, gayret",1,"2023-05-17 06:19:20","2023-05-17 06:19:20"
107,"Winston Churchill","Uçurtmalar rüzgâr gücüyle değil, o güce karşı koydukları için yükselir.","direnç, dayanmak, uçmak, güçlük, zorluk",1,"2023-05-31 13:26:12","2023-05-31 13:26:12"
108,Anonim,"Eğer o günü her zaman yarın yapmazsan, bir gün içerisinde birçok güzel şey yapılabilir.","zaman, gün, yarın, gelecek, deeğerlendirmek",1,"2023-05-31 13:26:12","2023-05-31 13:26:12"
109,Anonim,"Sevgi, ""hatalısın"" yerine ""farklı hissediyorum"" demektir.","sevgi, şefkat, hata, farklı",1,"2023-05-31 13:29:16","2023-05-31 13:29:16"
110,"Billy Wilder","Kendi içgüdülerinize güvenin. Hiç değilse hatalarınızın nedeni siz olursunuz, başkaları değil.","hata, güven, içgüdü, suçlama, olumlu, olumsuz",1,"2023-05-31 13:29:16","2023-05-31 13:29:16"
111,"Zen Atasözü","Kişi kendi gölgesi üzerinde durur ve neden karanlık olduğunu merak eder.","güven, gölge, karanlık, bilinç, zorluk, farkındalık",1,"2023-05-31 13:35:33","2023-05-31 13:35:33"
112,Seneca,"Sen seçimlerinsin.","seçim, karakter, kişilik, kendini bulmak",1,"2023-05-31 13:35:33","2023-05-31 13:35:33"
113,"Mark Victor Hansen","Düşünceniz hareketinizi belirler ve hareketiniz sonuçlarınızı belirler, ama öncelikle inanmalısınız.","kararlılık, düşünce, inanmak, öncelik, seçmek",1,"2023-05-31 13:39:37","2023-05-31 13:39:37"
114,"James Joyce","Hatalar keşfin giriş kapılarıdır.","kararlılık, keşif, hata, zorluk",1,"2023-05-31 13:39:37","2023-05-31 13:39:37"
115,"Benjamin Franklin","Paraya sahip olmanın tek güzel yanı onu harcamaktır.","para, korku, güç",1,"2023-05-31 13:41:39","2023-05-31 13:41:39"
116,"David Starr Jordan","Bilgelik bundan sonra ne yapılacağını, beceri nasıl yapılacağını bilmektir, erdem ise yapmaktır.","bilgelik, beceri, erdem, yapmak, ne, nasıl",1,"2023-05-31 13:41:39","2023-05-31 13:41:39"
117,Anonim,"Anlamlı olmadıkça özrün, özür olmadığını hatırlamalıyız.","özür, anlam, gerçek",1,"2023-05-31 14:02:39","2023-05-31 14:02:39"
118,"Hausa Atasözü","Az için şükret, çoğu bulacaksın.","şükür, zenginlik, az",1,"2023-05-31 14:02:39","2023-05-31 14:02:39"
119,"Lao Tzu","Eksik hiçbir şey olmadığını anladığınızda, tüm dünya size aittir.","dünya, eksiklik, aidiyet, anlam, arayış",1,"2023-05-31 14:04:54","2023-05-31 14:04:54"
120,"Lao Tzu","Büyük eylemler küçük hareketlerden oluşur.","eylem, hareket, güç, değişim, oluşur",1,"2023-05-31 14:04:54","2023-05-31 14:04:54"
121,Epiktetos,"Mutluluk ve özgürlük, bir tek ilkenin açık seçik anlaşılmasıyla başlar; Bazı şeyleri kontrol edebiliriz, başı şeyleri edemeyiz.","epiktetos, özgürlük, stoa, kontrol, anlamak, mutluluk",1,"2023-06-06 11:28:58","2023-06-06 11:28:58"
122,Seneca,"Hayalimizde, gerçekte olduğundan daha fazla acı çekeriz.","acı, gerçek, hayal, stoa, algılama",1,"2023-06-06 11:33:29","2023-06-06 11:33:29"
123,Farabi,"Var mısın ki yok olmaktan korkuyorsun?","var olmak, yok oluş, korku",1,"2023-06-18 20:38:59","2023-06-18 20:38:59"
124,"Doğan Cüceloğlu","Sen hüzünlüsün diye dünya durup sana yol vermeyecek.","hüzün, hayat, zorluk, farkındalık",1,"2023-06-18 20:41:46","2023-06-18 20:41:46"
125,"Christy Brown","Fark etmek acıydı ama gerekliydi.","farkındalık, acı, hayat",1,"2023-06-18 20:43:44","2023-06-18 20:43:44"
126,"Stefan Zweig","Başkalarını çok fazla düşünen bir kimse, kendisini unutur.","bencillik, düşünme, unutmak, özsevgi",1,"2023-06-18 20:45:45","2023-06-18 20:45:45"
127,"Aamir Khan","Uçurtmayı yükselten rüzgar değildir. Rüzgara karşı verdiği mücadeledir.","Zorluk, mücadele, başarı, rüzgar, yükselmek",1,"2023-06-18 20:50:31","2023-06-18 20:50:31"
128,"William Shakespeare","Keşke düşüncelerim de kapansa gözlerim kapanınca.","uyku, düşünme, endişe, kaygı, aşırı düşünme",1,"2023-06-18 20:53:18","2023-06-18 20:53:18"
129,"La Edri","İnsanlar, onlar için ne yaptığınızı anlamazlar; ta ki, siz yapmayı bırakana kadar.","iyilik, nankörlük, yaşam, farkındalık",1,"2023-06-18 20:56:14","2023-06-18 20:56:14"
130,"Albert Einstein","Biz ikna olmuş fizikçiler için geçmiş, günümüz ve gelecek arasındaki fark yalnızca ısrarlı bir yanılsamadan ibarettir.","zaman, yanılgı, fizik, algı",1,"2023-07-09 09:53:30","2023-07-09 09:53:30"
131,Atasözü,"Tebdil-i mekanda ferahlık vardır.","değişim, mekan, ferahlık, esinti, yürüyüş, hareket",1,"2023-07-19 17:42:38","2023-07-19 17:42:38"
133,"J. S. Mill","Düşünce kurgularında temel bir değişim olmadıkça insanlığın genel durumunda büyük bir gelişim mümkün değildir.","düşünce, değişim, yenilik, iyileşme, gelişme, düşünme",1,"2023-07-20 14:06:54","2023-07-20 14:06:54"
134,"Mihaly Csikszentmihalyi","En iyi anlar genelde, bir kişinin bedeni ve zihni zor ve değerli bir şeyi başarmak için gönüllü bir çabayla sınırlarına kadar zorlandığında olur.","zorluk, değer, gönüllülük, başarı, an, anı, çaba",1,"2023-07-20 14:33:16","2023-07-20 14:33:16"
135,"Mihaly Csikszentmihalyi","Kendini kaybeden bir insan, bütün bir dünyayı ka­zansa bile ne olur? Ben önce kendimi fethetmeyi deniyorum, dünyayı kaybetsem de umurumda değil.","kendini, bil, kazanmak, başarı, keşif, özfarkındalık, yönetim, zaman, bilgi",1,"2023-07-20 14:35:00","2023-07-20 14:35:00"
136,Seneca,"En güçlü olan, kendi gücüne sahip olandır.","seçim, özdisiplin, güç, aidiyet, özfarkındalık",1,"2023-07-21 12:29:54","2023-07-21 12:29:54"
137,"Jean Paul Sartre","Her seçiş bir vazgeçiştir.","seçim, vazgeçmek, karar, kararsızlık, yaşam",1,"2023-07-26 14:23:18","2023-07-26 14:23:18"
138,"Cahit Zarifoğlu","Çünkü insan bastırdığı duygunun esiri olur.","stres, baskı, kaygı, anksiyete, düşünce",1,"2023-08-05 09:24:00","2023-08-05 09:24:00"
139,"John Berger","Nesneler bizim onlara yüklediğimiz anlamlardan ibarettir. İnsanlar da öyle.","insan, düşünce, anlam, farkındalık, nesne",1,"2023-08-05 09:25:34","2023-08-05 09:25:34"
140,"Bruce Lee","10.000 tekmeyi 1 kez çalışandansa 1 tekmeyi 10.000 kez çalışandan korkarım.","azim, çalışma, yaşam",1,"2023-09-14 14:34:05","2023-09-14 14:34:05"
141,"Mevlânâ Celâleddîn-i Rûmî","Bu yol yalnızca senin, Başkaları seninle yürüyebilir, Fakat hiç kimse senin için yürümez.","yol, kader, farkındalık, kader",1,"2023-08-14 12:18:21","2023-08-14 12:18:21"
142,"Antoine de Saint-Exupery","Bildiğim bir tek özgürlük vardır o da aklın özgürlüğüdür.","özgürlük, düşünce, felsefe, öfke",1,"2023-09-14 14:34:05","2023-09-14 14:34:05"
143,Anonim,"İnsanı güçlü kılan, bazı insanların düşündüğü gibi elinde tutmak değil, bazen de bırakmaktır.","öfke, bırakmak, güç",1,"2023-09-14 14:34:05","2023-09-14 14:34:05"
144,Buddha,"Geçmiş ne kadar zor olursa olsun, her zaman tekrar başlayabilirsin.","stres, geçmiş, başlamak, yeniden, zorluk",1,"2023-09-14 14:34:05","2023-09-14 14:34:05"
145,"Pema Chodron","Acı çekmemize sebep, başımıza gelen değildir; başımıza gelenle ilgili kendimize ne söylediğimizdir.","acı, bakış açısı, sebep, düşünmek, özsevgi",1,"2023-09-14 14:34:05","2023-09-14 14:34:05"
146,"Thomas Merton","Mutluluk yoğunluk değil, denge, düzen, ritim ve uyum halidir.","tutum, mutluluk, denge, ritim, düzen",1,"2023-09-14 14:34:05","2023-09-14 14:34:05"
147,"Don Miguel Ruiz","Geçmişi bırakmak demek şu andaki rüyanızdan haz alabilirsiniz demektir.","geçmiş, haz, anı yakalamak, rüya",1,"2023-09-14 14:34:05","2023-09-14 14:34:05"
148,Atasözü,"Güzel olan şey asla mükemmel değildir.","güzel, mükemmel",1,"2023-09-14 14:34:05","2023-09-14 14:34:05"
149,"Jean Vanier","Büyüme, güçsüzlüklerimizi kabul etmeye başladığımızda başlar.","gelişim, büyüme, güçsüzlük, zayıflık, başlamak",1,"2023-09-14 14:34:05","2023-09-14 14:34:05"
150,Anonim,"Bir engel, basamak taşı da olabilir köstek de.","engel, zorluk, gelişim, fırsat,",1,"2023-09-14 14:34:05","2023-09-14 14:34:05"
151,"Carl Jung","Başkaları ile ilgili canımızı sıkan her şey kendimizi daha iyi anlamamıza yardımcı olabilir.","kendini tanımak, bilmek, başkası, rahatsız etmek, sıkıcı",1,"2023-09-14 14:34:05","2023-09-14 14:34:05"
152,"Ajahn Chah","Kendinizi biraz rahat bırakırsanız biraz huzurunuz olacaktır, daha çok rahat bırakırsanız daha çok huzurunuz olacaktır.","huzur, özsevgi, rahatlık",1,"2023-09-14 14:34:05","2023-09-14 14:34:05"
153,"Morrie Schwartz","Bu dünyadaki en önemli şey sevgiyi yaymayı öğrenmek ve gelmesine izin vermektir.","sevgi, öğrenmek, yaymak, izin vermek",1,"2023-09-14 14:34:05","2023-09-14 14:34:05"
154,Anonim,"Yarı doğrudan çekinin. Yanlış yarısına sahip olmuş olabilirsiniz.","doğru, çekinmek, öğrenmek",1,"2023-09-14 14:34:05","2023-09-14 14:34:05"
155,"Benjamin Disraeli","Hislerinizi gösterdiğiniz için asla özür dilemeyin. Böyle yaparak, gerçek için özür dilemiş olursunuz.","özür dilemek, gerçek, his, yaşam",1,"2023-09-14 14:34:05","2023-09-14 14:34:05"
193,"George F. Tilton","Başarı nihai değildir, başarısızlık ölümcül değildir: önemli olan devam etme cesaretidir.","başarı, cesaret, sürdürülebilirlik, başarısızlık, hata",1,"2023-11-29 07:47:47","2023-11-29 07:47:47"
200,Konfüçyus,"Bir keresinde salt düşünmek için gün boyu aç, gece boyu uykusuz kaldım. Hiçbir yararı olmadı. Çalışmak daha iyi.","Çalışkanlık, tutum, uyku, açlık, yaşam",1,"2023-10-09 15:46:31","2023-10-09 15:46:31"
210,"Eckhart Tolle","Başınıza olumsuz bir şey geldiğinde, içinde saklı derin bir ders vardır.","tutum, kötü, olumsuz, olumlu, ders",1,"2023-10-09 08:23:57","2023-10-09 08:24:24"
220,"Andrew Carnegie","Az kahkahanın olduğu yerde az başarı vardır.","gülmek, bakış açısı, sevinç, başarı, tutum",1,"2023-10-09 08:22:45","2023-10-09 08:22:45"
230,"Marsha Petrie Sue","Ne olduğuna bakmaktan kaçının ve ne olacağına bakın.","tutum, bakış açısı, geçmiş, gelecek",1,"2023-10-09 08:21:05","2023-10-09 08:21:05"
240,"Søren Kierkegaard","Yaşam geriye bakarak anlaşılabilir; ancak o ileriye doğru bakarak yaşanmalıdır.","yaşam, geçmiş, gelecek, ileri",1,"2023-11-14 16:02:31","2023-11-14 16:02:31"
250,"Anne Frank","Dünyayı iyileştirmeye başlamadan önce kimsenin tek bir an bile beklemeye ihtiyacı olmaması ne kadar mükemmel.","iyileştirmek, tutum, iyilik, başlamak",1,"2023-10-09 08:11:41","2023-10-09 08:11:41"
260,"Søren Kierkegaard","Doğru her zaman azınlıktadır.","doğru, azınlık, bilgelik",1,"2023-11-15 07:45:10","2023-11-15 07:45:10"
270,"Shakti Gawain","İçinize ne kadar çok ışık girmesine izin verirseniz, yaşadığınız dünya da o kadar parlak olur.","ışık, umut, tutum, yaklaşım, yaşam",1,"2023-10-09 08:10:00","2023-10-09 08:10:00"
280,"Albert Einstein","Problemlerimizi onları yaratırken kullandığımız aynı düşünce yapısı ile çözemeyiz.","problem, çözüm, tutum, düşünce",1,"2023-10-09 08:02:31","2023-10-09 08:02:31"
290,"Søren Kierkegaard","Her kötülüğün başı can sıkıntısıdır.","kötülük, sıkıntı, yaşam",1,"2023-11-15 07:45:48","2023-11-15 07:45:48"
300,Buddha,"En kötü düşmanınız bile, kendi ihtiyatsız düşünceleriniz kadar size zarar veremez.","düşünce, pozitif, negatif, özşeftak, kötü, düşman, tutum, zarar",1,"2023-10-09 08:00:20","2023-10-09 08:00:20"
310,Anonim,"Kaybettiğinizde, aldığınız dersi de kaybetmeyin.","kaybetmek, tecrübe, tutum, ders",1,"2023-10-09 07:58:28","2023-10-09 07:58:28"
320,"Brené Brown","Sizi incinebilir kılan her şey sizi güzelleştirir.","nezaket, incinmek, güzellik, özen",1,"2023-10-09 07:56:34","2023-10-09 07:56:34"
340,"D. S. Guzman","Nezaket, ruhun şıklığı ve içtenliğidir. Bencillik, cömert nezaketin pırıltısının önünde ancak bir gölgedir.","nezaket, gölge, ışık",1,"2023-10-08 16:35:09","2023-10-08 16:35:09"
350,"Søren Kierkegaard","Akıl azaldığı oranda kaygı da azalır.","akıl, kaygı, yaşam, bilgelik, acı",1,"2023-11-15 07:46:33","2023-11-15 07:46:33"
360,Anonim,"Bir gülümsemenin ardından, gün her zaman daha parlak görünür.","gülümseme, gülüş, tutum, bakış açısı, güzellik, yaşam, keyif",1,"2023-09-14 15:57:48","2023-09-14 15:57:48"
370,Atasözü,"Sağlığı olanın umudu, umudu olanın herşeyi vardır.","sağlık, umut, tutum, bakış açısı",1,"2023-09-14 15:58:50","2023-09-14 15:58:54"
380,"Søren Kierkegaard","Büyüklük şu ya da bu olmak değil, kendin olmaktır.","başarı, birey, yaşam, kendi",1,"2023-11-15 07:47:29","2023-11-15 07:47:29"
390,Buddha,"Bir yanlışı hatırlamak, aklınızda bir yük taşımak gibidir.","yanlış, hata, problem, öfke, yük, yaşam, hatırlamak, unutmak",1,"2023-09-14 14:34:05","2023-09-14 14:34:05"
400,"Søren Kierkegaard","Kalabalıkların biriktiği yerde gerçekliği bulamazsınız.","bilgelik, kalabalık, gerçek, doğru",1,"2023-11-15 07:48:05","2023-11-15 07:48:05"
410,Dhammapada,"Başkalarının ne yaptığına veya yapmadığına dikkat etmek yerine, ne yapıp yapmadığınıza dikkat edin.","öfke, başkaları, eylem, sakinlik, özbeceri",1,"2023-09-14 14:34:05","2023-09-14 14:34:05"
420,Rinpoche,"Sadece küresel seviyede değil, bireysel olarak da, insanlık için en büyük problem, yanlış anlaşılmadır.","yanlış, anlaşılma, problem, birey, toplum",1,"2023-09-14 14:34:05","2023-09-14 14:34:05"
430,"Søren Kierkegaard","Bir erkek hiç bir zaman bir kadın kadar acımasız olamaz.","acıma, kadın, erkek, yaşam",1,"2023-11-15 07:48:46","2023-11-15 07:48:46"
440,Anonim,"Öfke, kızgınlık veya delirmekle geçireceğiniz her altmış saniye, asla geri getiremeyeceğiniz koca bir dakika mutluluktur.","öfke, mutluluk, zaman, kızgınlık, kayıp",1,"2023-09-14 14:34:05","2023-09-14 14:34:05"
450,"Stefan Sagmeister","Şikayet etmek aptallıktır. Ya harekete geç ya da unut.","şikayet, kabul, öfke, unutmak, yaşam",1,"2023-09-14 14:34:05","2023-09-14 14:34:05"
460,"Søren Kierkegaard","Bizim çağımızda eksik olan şey düşünce değil, tutkudur.","zaman, düşünce, tutku, bilgelik, yaşam",1,"2023-11-15 07:49:27","2023-11-15 07:49:27"
500,"Joan Kerr","Umut, sahip olduğunuz hissin daimi olmadığı hissidir.","umut, öfke, farkındalık",1,"2023-09-14 14:34:05","2023-09-14 14:34:05"
510,Buddha,"Öfkeniz için cezalandırılmayacaksınız, öfkeniz tarafından cezalandırılacaksınız.","öfke, ceza, taraf",1,"2023-09-14 14:34:05","2023-09-14 14:34:05"
540,"Søren Kierkegaard","Ne olduğun gerçeğiyle yüzleş, çünkü seni değiştirecek olan şey odur.","kendi, bilgelik, bilme, değişim, gerçek, yüzleşmek, birey",1,"2023-11-15 07:50:47","2023-11-15 07:50:47"
560,"Pema Chodron","Sevincimize en büyük engel kırgınlıktır.","öfke, kırgınlık, yaşam, sevinç",1,"2023-09-14 14:34:05","2023-09-14 14:34:05"
570,"Pearl S. Buck","Hissetmediğiniz bir şeyi kendinize zorla hissettiremezsiniz, ama hislerinize rağmen doğruyu yapabilirsiniz.","his, doğru, seçim, yaşam, öfke, üzüntü, stres",1,"2023-09-14 14:34:05","2023-09-14 14:34:05"
580,"Çin Atasözü","Bir anlık kızgınlıkta sabırlı olursanız yüz günlük pişmanlıktan kurtulursunuz.","sabır, pişmanlık, kızgınlık, yaşam, öfke",1,"2023-09-14 14:34:05","2023-11-27 05:13:29"
600,"Søren Kierkegaard","Ümitsizliğin en derin biçimi, kendisi olmaktansa başkası olmayı seçmektir.","kendi, bilgelik, bilme, değişim, gerçek, birey, ümit, seçim",1,"2023-11-15 07:51:54","2023-11-15 07:51:54"
610,"Mahatma Gandhi","Zayıflar asla affedemez. Affetmek güçlülerin özelliğidir.","affetmek, zayıflık, güç, öfke",1,"2023-09-14 14:34:05","2023-09-14 14:34:05"
620,"Søren Kierkegaard","Şu dünyaya bir kez adımınızı attınız mı, ölmek için yeterince yaşlısınız demektir.","ölüm, şans, kader, dünya, adım",1,"2023-11-15 07:54:02","2023-11-15 07:54:02"
630,"Arthur Schopenhauer","Bilgeler ve onurlu yaşayanlar hep acı çekecektir.","Mutluluk, Bilgelik",1,"2022-05-02 20:33:03","2022-05-02 20:33:03"
640,"Isaac Newton","Herkesten daha ilerisini görebildiysem, devlerin omuzlarında durduğum içindir.","Emek, Çaba, Çalışkanlık",1,"2022-05-02 20:33:03","2022-05-02 20:33:03"
650,"William Wately","Sabahtan kaybettiğin bir saatin bütün gün zararını çekersin.","zaman, zaman yönetimi, uyku, erken kalkmak, verimlilik",1,"2022-05-02 20:33:03","2023-01-09 10:59:37"
660,"Immanuel Kant","İnsandan ümit ve uykuyu alın, onu dünyanın en bahtsız ve en perişan insanı haline getirmiş olursunuz.","uyku, ümit, baht, insan, perişan",1,"2022-05-02 20:33:03","2022-05-02 20:33:03"
670,Anonim,"Geminin içi su almadığı müddetçe, sonsuz büyüklükteki deniz o gemiyi batıramaz. Siz zihninize girmesine izin vermediğiniz müddetçe, olumsuzluklar da sizi yıkamaz.","Amaç, Düşünce, Gelecek, Mutluluk, Yaşam, Çalışma",1,"2022-05-02 20:33:03","2022-05-02 20:33:03"
680,Kanada,"Sebebin yokluğu sonucun yokluğudur, ancak sonucun yokluğu sebebin yokluğu anlamına gelmez. Sebepler her zaman potansiyel sonuç doğurur.","Bilgelik, Hedef, Çalışma",1,"2022-05-02 20:33:03","2022-05-02 20:33:03"
690,"Oscar Wilde","Her azizin bir geçmişi, her günahkârın bir geleceği vardır.","Amaç, Vazgeçmemek, Yaşam",1,"2022-05-02 20:33:03","2022-05-02 20:33:03"
700,"Søren Kierkegaard","Kişinin bir şeyler yapma veya olma kudretini fark etmesi kadar korkunç bir şey yoktur.","kudret, güç, olmak, yapmak, gelişim",1,"2023-11-15 07:54:43","2023-11-15 07:54:43"
701,Seneca,"Yapılan şeyler için pişmanlık zamanla geçer; ama pişman olurum diye yapmadıklarımız ömür boyu sürer.","pişmanlık, yaşam, zaman, bilgelik",1,"2024-02-14 09:57:39","2024-02-14 09:57:39"
702,"R. Sharma","Yorgunluk bir zihin yanılsamasıdır, hedefleri ve hayalleri olmadan yaşayanların hayatına yorgunluk hükmeder.","motivasyon, yorgunluk, hedef, hayal, enerji",1,"2024-02-18 14:59:46","2024-02-18 14:59:46"
703,"Pema Chodron","Korku, gerçeğe yaklaşmanın doğal bir tepkisidir.","korku, gerçek, yaşam, tepki",1,"2024-02-18 17:28:43","2024-02-18 17:28:43"
704,"Baruch Spinoza","Tecrübemiz çoğu zamanlarda göstermektedir ki, insanların en az söz geçirebildikleri şey, kendi dilleridir.","tecrübe, özdisiplin",1,"2024-02-19 12:29:01","2024-02-19 12:29:01"
705,"René Descartes","Düşünüyorum, öyleyse varım.","varlık, varoluş, düşünmek",1,"2024-02-19 15:32:27","2024-02-19 15:32:27"
706,"Marcus Aurelius","Algılarını, isteklerini ve içgüdülerini sona erdirirsen ruhun özgürdür.","arzu, istek, algı, özgürlük",1,"2024-02-19 15:34:53","2024-02-19 15:34:53"
707,"Karl Popper","Ne kadar beyaz kuğu gözlemlemiş olursak olalım, bu, tüm kuğuların beyaz olduğu sonucunu haklı çıkarmaz.","gözlem, gerçek, bakış açısı, inanç",1,"2024-02-19 15:37:15","2024-02-19 15:37:15"
708,Voltaire,"Erdem özgürlük gerektirir.","mükemmellik, iyi, düşman, voltaire, gayret",1,"2024-02-19 06:19:20","2024-02-19 06:19:20"
709,Sokrates,"Hayret etmek bir filozofun hissidir ve felsefe hayret etmekle başlar.","felsefe, hayret, merak",1,"2024-02-19 15:39:37","2024-02-19 15:39:37"
710,"Pablo Picasso","Sanat, gerçekleri tanımamıza yardımcı olan bir yalandır.","sanat, gerçek, yalan",1,"2024-02-19 15:41:03","2024-02-19 15:41:03"
711,"Carl Sagan","Dünyamızı sorularımızın cesareti ve yanıtlarımızın derinliği ile anlamlı kılarız.","anlam, soru, yanıt, derinlik,",1,"2023-05-12 13:46:37","2023-05-31 14:26:12"
712,"Martin Scorsese","Sinema, neyin çerçeve içinde, neyin dışında kalacağı meselesidir.","sinema, çerçeve, kabul",1,"2023-05-31 14:41:39","2023-05-31 15:02:39"
713,"Marie Curie","İnsanlar konusunda daha az, fikirler konusunda daha çok meraklı olun.","insan, fikir, gerçek, amaç, mutluluk",1,"2024-02-19 15:41:03","2024-02-19 15:41:03"
714,Michelangelo,"Güzellik fazlalıktan arınmışlıktır.","güzellik, sadelik, yalınlık, arınmak",1,"2024-02-19 15:41:03","2024-02-19 15:41:03"
715,"Martin Luther King","Hayatın en ısrarcı ve acil sorusu şu: Başkaları için ne yapıyorsunuz?","hayat, amaç, aciliyet, iyilik",1,"2024-02-19 15:41:03","2024-02-19 15:41:03"
716,"Oscar Wilde","Aşkın gizemi ölümün gizeminden daha büyüktür.","aşk, ölüm, gizem",1,"2024-02-19 15:41:03","2024-02-19 15:41:03"
717,"Jiddu Krishnamurti","Sadece özgür akıl sevginin ne olduğunu bilebilir.","özgür, akıl, sevgi",1,"2024-02-19 15:41:03","2024-02-19 15:41:03"
718,"Bertrand Russell","Zamanın önemsizliğini anlamak bilgeliğin kapısıdır.","zaman, akıl, bilgelik, önem",1,"2024-02-19 15:41:03","2024-02-19 15:41:03"
719,"Jonas Salk","İyi bir çalışmanın ödülü daha fazlasını yapabilmek fırsatı vermesidir.","çalışma, başarı, ödül, gelişmek",1,"2024-02-19 15:41:03","2024-02-19 15:41:03"
720,"Michel de Montaigne (Denemeler, I. kitap, 9. bölüm)","Bir amaca bağlanmayan ruh yolunu kaybeder. Çünkü her yerde olmak hiçbir yerde olmamaktır.","amaç, yaşam, yol, hedef",1,"2024-02-19 15:41:03","2024-02-19 15:41:03"
721,"Fyodor Dostoyevski","İnsan varoluşunun gizemi yalnızca hayatta kalmakta değil, uğrunda yaşanacak bir şey bulmakta yatar.","Yaşamak, amaç, ölmek",1,"2024-02-27 09:22:23","2024-02-27 09:22:23"
722,"Yahudi Atasözü","Tanrı cezalandırmak istediği kişiye yüksek bir farkındalık bahşeder.","farkındalık, yaşamak, ceza",1,"2024-03-27 17:24:23","2024-03-27 17:24:23"
723,"Tibet Atasözü","Sağlıklı ve uzun yaşamak için yarısını yiyin, iki kat yürüyün, üç kat gülün ve sınırsız sevin.","sevgi, sağlık, yaşam, gülmek, yürümek, yemek",1,"2024-04-02 08:56:53","2024-04-02 08:56:53"
724,Fuzuli,"Karıncayı bile incitmem deme! Bile'den incinir karınca. Söz söylemek irfan ister, anlamak insan.","söz, kelam, karınca, dikkat, özen, irfan, insan",1,"2024-04-04 14:21:38","2024-04-04 14:21:38"
725,Epiktetos,"Ölçüyü bir defa aşan için sınır diye bir şey olmaz artık.","ölçü, yaşam, sınır, bozulmak, aşırılık",1,"2024-04-15 18:32:14","2024-04-15 18:32:14"
726,"Winnie the Pooh","Köşende oturup insanların sana gelmesini bekleyemezsin. Bazen senin onlara gitmen gerekir.","yaşam, hareket, beklenti",1,"2024-04-24 09:00:29","2024-04-24 09:00:29"
727,"Charles Darwin","Hayatının bir saatini bile boşa harcamaya cüret edebilen biri, hayatın değerini anlamamıştır.","zaman, yönetimi, boş, harcama, değer",1,"2024-05-03 11:25:28","2024-05-03 11:25:28"
728,Sokrates,"İnsanın hiçbir şey bilmediğini bilmesi için, çok şey öğrenmesi gerekir.","bilmek, öğrenmek, yaşamak",1,"2024-05-12 12:34:00","2024-05-12 12:34:00"
729,"İoanna Kuçuradi","Düşünceye düşünceyle karşı çıkılır, cezayla değil.","düşünce, ceza, savaş, karşıtlık",1,"2024-05-30 12:06:59","2024-05-30 12:06:59"
730,"Friedrich Nietzsche","Müziğin sesini duymayanlar, dans edenleri deli sanırlar.","dans, bakış açısı, yaşam",1,"2024-08-12 20:28:57","2024-08-12 20:28:57"
731,"Mevlânâ Celâleddîn-i Rûmî","İnsanın kanadı gayretidir.","gayret, amaç, insan, olmak",1,"2024-08-13 17:11:05","2024-08-13 17:11:05"
732,"Mevlânâ Celâleddîn-i Rûmî","Testide ne varsa, dışına o sızar.","iç, öz",1,"2024-08-13 17:14:44","2024-08-13 17:14:44"
733,Seneca,"Vaktinden önce mutsuz olma.","acı, yaşam, elem",1,"2024-08-13 17:21:24","2024-08-13 17:21:24"
734,"Sun Tzu","Savaşlarınızda seçici olun. Her savaş kazanmaya değmez.","savaş, barış, seçim, kazanmak",1,"2024-08-26 15:28:54","2024-08-26 15:28:54"
735,"Marcus Aurelius","Psikolojik olarak sağlam olmak; hayatın adil olmadığını bilip yine de kazanmaya oynamaktır.","kazanmak, psikoloji, hayat, adalet, çaba",1,"2024-08-26 15:28:54","2024-08-26 15:28:54"
736,"Lao Tzu","Kendini gerçekleştirmek, içindeki şeytanları baskılarken onlarla arkadaş da olmaktır.","kendini gerçekleştirmek, şeytan, arkadaş",1,"2024-08-26 15:32:44","2024-08-26 15:32:44"
737,"Mahir Yıldızhan","Aşk, çok sevginin kalıcı olacağı yanılsamasıdır.","aşk, sevgi, yanılsama",1,"2024-08-28 07:26:45","2024-08-28 07:26:45"
738,"Marcus Aurelius","Zevkler belli bir sınırı aştığında, sadece cezadır.","zevk, ceza, sınır, aşırılık",1,"2024-09-15 17:33:33","2024-09-15 17:33:33"
739,"Nizar Kabbânî","Sen kim olduğuna karar veremediğin zaman, senin kim olduğuna başkası karar verecektir...","karar, yaşam, bilgi, kimlik, kişilik, dış etki",1,"2024-09-23 21:16:50","2024-09-23 21:16:50"
740,Horace,"Mümkün olsaydı her karış toprağa buğday eker gibi kitap ekerdim.","kitap, bilgi, kıymet, değer",1,"2024-09-25 13:48:47","2024-09-25 13:48:47"
741,"Victor Hugo","Yarınlar hep güzel olacak denir. Oysa bugünler, dünün yarınları değil midir?","mutluluk, anı yakalamak, güzel, gün, yaşam, an",1,"2024-10-03 06:07:22","2024-10-03 06:07:22"
742,"Carl Gustav Jung","İletişimde en önemli şey, söylenmeyeni işitmektir.","iletişim, söz, ima,",1,"2024-11-04 12:05:53","2024-11-04 12:05:53"
743,"Marcel Proust","Gerçek yolculuk, yeni yerler aramak değil, yeni bir gözle bakmaktır.","yolculuk, göz, mekan, yol",1,"2024-11-23 11:04:36","2024-11-23 11:04:36"
744,"Victor Emil Frankl","Anlamı olan bir hayat, ne kadar zor olursa olsun yaşamaya değerdir.","anlam, insan, yaşam",1,"2025-01-19 13:54:01","2025-01-19 13:54:01"
745,"Kemal Varol","Acı geçiyor, acı elbette geçiyor, acı çekmiş olmak geçmiyor.","acı, yaşamak, hayat",1,"2025-07-16 17:47:08","2025-07-16 17:47:08"
746,Goethe,"İnsanın başına gelen kötü şey yapayalnız kalması değil, yapayalnız hissetmesine neden olacak insanlarla birlikte yaşamasıdır.","yaşam, yalnızlık, his, doğru, insan",1,"2025-07-19 14:51:13","2025-07-19 14:51:13"
747,"Halil Cibran","Yalnızlık, tüm ölü dallarımızı parçalayan sessiz bir fırtınadır. Buna rağmen yaşayan köklerimizi, yaşayan dünyanın yaşayan kalbinin daha derinlerine ulaştırır.","yaşam, yalnızlık, ölü",1,"2025-07-20 08:14:51","2025-07-20 08:14:51"
748,"Mahir Yıldızhan","Kimse düşündüğün kadar masum değil, ya da kalmayacak…","masumiyet, yaşam",1,"2025-08-16 20:17:20","2025-08-16 20:17:20"
749,"Mahir Yıldızhan","Kimin umrundayım? Bilmiyorum. Ama hayat kimsenin umrunda değil, onu biliyorum!","Mahir Yıldızhan 12/11/2024 Salı 23:46",1,"2025-08-16 20:20:36","2025-08-16 20:20:36"
750,"Mahir Yıldızhan","Felsefe;  cevabını bulamayacağın zor sorularına cevap arayıp, bu yolculukla yaşamına anlam katmaktır.",,1,"2025-08-16 20:21:29","2025-08-16 20:21:29"
751,Anonim,"Hayat demek ölümü beklemektir.","Hayat, ölüm, beklemek, acı, sevinç, düğün",1,"2025-11-05 07:56:14","2025-11-05 07:56:14"
752,"Slavoj Žižek","Kötülerin kaybetmediği bir ülke, çocuklarına ahlâkı öğretemez.","ahlak, ülke, çocuk",1,"2025-11-10 09:33:41","2025-11-10 09:33:41"
753,"Zig Ziglar","Başlamak için mükemmel olmanıza gerek yok, ama mükemmel olmanız için başlamanız gerekir.","başlamak, mükemmel, süreç",1,"2025-11-12 21:45:05","2025-11-12 21:45:05"
754,Sokrates,"Senin almaya cesaret edemediğin riskleri alanlar, senin yaşamak istediğin hayatı yaşarlar.","risk, cesaret, hayat, başlamak",1,"2025-11-12 21:47:49","2025-11-12 21:47:49"
755,"Aytuğ Akdoğan, Youtube","Öfkelendiğin şey seni kontrol eder.","öfke, kontrol",1,"2026-01-01 22:46:24","2026-01-01 22:46:24"
